macdema_ema_short_window,20,20,20,20,20,20,30,30,30,30,30,30,40,40,40,40,40,40
macdema_ema_middle_window,120,120,120,120,120,120,120,120,120,120,120,120,120,120,120,120,120,120
macdema_ema_long_window,200,200,200,200,200,200,200,200,200,200,200,200,200,200,200,200,200,200
macdema_macd_fastperiod,12,12,12,12,12,12,12,12,12,12,12,12,12,12,12,12,12,12
macdema_macd_slowperiod,26,26,26,26,26,26,26,26,26,26,26,26,26,26,26,26,26,26
macdema_macd_signalperiod,9,9,9,9,9,9,9,9,9,9,9,9,9,9,9,9,9,9
Price,Open,High,Low,Close,Volume,Signal,Open,High,Low,Close,Volume,Signal,Open,High,Low,Close,Volume,Signal
Datetime,,,,,,,,,,,,,,,,,,
2025-07-29 09:15:00+05:30,189.69000244140625,190.60000610351562,188.86000061035156,188.86000061035156,0.0,0.0,189.69000244140625,190.60000610351562,188.86000061035156,188.86000061035156,0.0,0.0,189.69000244140625,190.60000610351562,188.86000061035156,188.86000061035156,0.0,0.0
2025-07-29 09:16:00+05:30,188.8699951171875,189.05999755859375,188.41000366210938,188.49000549316406,2983.0,0.0,188.8699951171875,189.05999755859375,188.41000366210938,188.49000549316406,2983.0,0.0,188.8699951171875,189.05999755859375,188.41000366210938,188.49000549316406,2983.0,0.0
2025-07-29 09:17:00+05:30,189.0,190.8800048828125,189.0,190.8800048828125,10902.0,0.0,189.0,190.8800048828125,189.0,190.8800048828125,10902.0,0.0,189.0,190.8800048828125,189.0,190.8800048828125,10902.0,0.0
2025-07-29 09:18:00+05:30,190.8699951171875,191.5,190.8699951171875,191.49000549316406,5753.0,0.0,190.8699951171875,191.5,190.8699951171875,191.49000549316406,5753.0,0.0,190.8699951171875,191.5,190.8699951171875,191.49000549316406,5753.0,0.0
2025-07-29 09:19:00+05:30,191.5,191.5,190.91000366210938,191.07000732421875,1775.0,0.0,191.5,191.5,190.91000366210938,191.07000732421875,1775.0,0.0,191.5,191.5,190.91000366210938,191.07000732421875,1775.0,0.0
2025-07-29 09:20:00+05:30,191.1300048828125,191.1300048828125,190.16000366210938,190.16000366210938,440.0,0.0,191.1300048828125,191.1300048828125,190.16000366210938,190.16000366210938,440.0,0.0,191.1300048828125,191.1300048828125,190.16000366210938,190.16000366210938,440.0,0.0
2025-07-29 09:21:00+05:30,190.0500030517578,190.7100067138672,189.75,190.7100067138672,4270.0,0.0,190.0500030517578,190.7100067138672,189.75,190.7100067138672,4270.0,0.0,190.0500030517578,190.7100067138672,189.75,190.7100067138672,4270.0,0.0
2025-07-29 09:22:00+05:30,188.5,188.75999450683594,188.5,188.60000610351562,11627.0,0.0,188.5,188.75999450683594,188.5,188.60000610351562,11627.0,0.0,188.5,188.75999450683594,188.5,188.60000610351562,11627.0,0.0
2025-07-29 09:23:00+05:30,188.8000030517578,189.60000610351562,188.8000030517578,189.36000061035156,3464.0,0.0,188.8000030517578,189.60000610351562,188.8000030517578,189.36000061035156,3464.0,0.0,188.8000030517578,189.60000610351562,188.8000030517578,189.36000061035156,3464.0,0.0
2025-07-29 09:24:00+05:30,188.9199981689453,188.9199981689453,188.9199981689453,188.9199981689453,197.0,0.0,188.9199981689453,188.9199981689453,188.9199981689453,188.9199981689453,197.0,0.0,188.9199981689453,188.9199981689453,188.9199981689453,188.9199981689453,197.0,0.0
2025-07-29 09:25:00+05:30,189.16000366210938,189.49000549316406,189.16000366210938,189.49000549316406,1172.0,0.0,189.16000366210938,189.49000549316406,189.16000366210938,189.49000549316406,1172.0,0.0,189.16000366210938,189.49000549316406,189.16000366210938,189.49000549316406,1172.0,0.0
2025-07-29 09:26:00+05:30,189.49000549316406,189.49000549316406,189.24000549316406,189.24000549316406,553.0,0.0,189.49000549316406,189.49000549316406,189.24000549316406,189.24000549316406,553.0,0.0,189.49000549316406,189.49000549316406,189.24000549316406,189.24000549316406,553.0,0.0
2025-07-29 09:27:00+05:30,189.14999389648438,189.49000549316406,189.14999389648438,189.49000549316406,442.0,0.0,189.14999389648438,189.49000549316406,189.14999389648438,189.49000549316406,442.0,0.0,189.14999389648438,189.49000549316406,189.14999389648438,189.49000549316406,442.0,0.0
2025-07-29 09:28:00+05:30,189.49000549316406,189.49000549316406,189.22999572753906,189.22999572753906,130.0,0.0,189.49000549316406,189.49000549316406,189.22999572753906,189.22999572753906,130.0,0.0,189.49000549316406,189.49000549316406,189.22999572753906,189.22999572753906,130.0,0.0
2025-07-29 09:29:00+05:30,189.6300048828125,190.0,189.5399932861328,189.5399932861328,2117.0,0.0,189.6300048828125,190.0,189.5399932861328,189.5399932861328,2117.0,0.0,189.6300048828125,190.0,189.5399932861328,189.5399932861328,2117.0,0.0
2025-07-29 09:30:00+05:30,189.4600067138672,189.52999877929688,189.4600067138672,189.4600067138672,485.0,0.0,189.4600067138672,189.52999877929688,189.4600067138672,189.4600067138672,485.0,0.0,189.4600067138672,189.52999877929688,189.4600067138672,189.4600067138672,485.0,0.0
2025-07-29 09:31:00+05:30,189.47000122070312,189.47000122070312,189.4499969482422,189.4499969482422,286.0,0.0,189.47000122070312,189.47000122070312,189.4499969482422,189.4499969482422,286.0,0.0,189.47000122070312,189.47000122070312,189.4499969482422,189.4499969482422,286.0,0.0
2025-07-29 09:32:00+05:30,189.4600067138672,189.4600067138672,188.9199981689453,189.33999633789062,1977.0,0.0,189.4600067138672,189.4600067138672,188.9199981689453,189.33999633789062,1977.0,0.0,189.4600067138672,189.4600067138672,188.9199981689453,189.33999633789062,1977.0,0.0
2025-07-29 09:33:00+05:30,189.38999938964844,190.0,189.38999938964844,190.0,7926.0,0.0,189.38999938964844,190.0,189.38999938964844,190.0,7926.0,0.0,189.38999938964844,190.0,189.38999938964844,190.0,7926.0,0.0
2025-07-29 09:34:00+05:30,190.0,190.0,189.99000549316406,189.99000549316406,3087.0,0.0,190.0,190.0,189.99000549316406,189.99000549316406,3087.0,0.0,190.0,190.0,189.99000549316406,189.99000549316406,3087.0,0.0
2025-07-29 09:35:00+05:30,189.75,189.75,189.5399932861328,189.63999938964844,310.0,0.0,189.75,189.75,189.5399932861328,189.63999938964844,310.0,0.0,189.75,189.75,189.5399932861328,189.63999938964844,310.0,0.0
2025-07-29 09:36:00+05:30,189.75999450683594,189.75999450683594,189.4600067138672,189.4600067138672,81.0,0.0,189.75999450683594,189.75999450683594,189.4600067138672,189.4600067138672,81.0,0.0,189.75999450683594,189.75999450683594,189.4600067138672,189.4600067138672,81.0,0.0
2025-07-29 09:37:00+05:30,189.75,189.77999877929688,189.4600067138672,189.4600067138672,342.0,0.0,189.75,189.77999877929688,189.4600067138672,189.4600067138672,342.0,0.0,189.75,189.77999877929688,189.4600067138672,189.4600067138672,342.0,0.0
2025-07-29 09:38:00+05:30,189.47000122070312,189.74000549316406,189.47000122070312,189.72999572753906,95.0,0.0,189.47000122070312,189.74000549316406,189.47000122070312,189.72999572753906,95.0,0.0,189.47000122070312,189.74000549316406,189.47000122070312,189.72999572753906,95.0,0.0
2025-07-29 09:39:00+05:30,189.67999267578125,189.67999267578125,189.67999267578125,189.67999267578125,7.0,0.0,189.67999267578125,189.67999267578125,189.67999267578125,189.67999267578125,7.0,0.0,189.67999267578125,189.67999267578125,189.67999267578125,189.67999267578125,7.0,0.0
2025-07-29 09:40:00+05:30,189.4600067138672,189.5399932861328,189.3699951171875,189.5399932861328,351.0,0.0,189.4600067138672,189.5399932861328,189.3699951171875,189.5399932861328,351.0,0.0,189.4600067138672,189.5399932861328,189.3699951171875,189.5399932861328,351.0,0.0
2025-07-29 09:41:00+05:30,189.57000732421875,189.57000732421875,189.30999755859375,189.32000732421875,220.0,0.0,189.57000732421875,189.57000732421875,189.30999755859375,189.32000732421875,220.0,0.0,189.57000732421875,189.57000732421875,189.30999755859375,189.32000732421875,220.0,0.0
2025-07-29 09:42:00+05:30,189.32000732421875,189.6300048828125,189.32000732421875,189.3300018310547,562.0,0.0,189.32000732421875,189.6300048828125,189.32000732421875,189.3300018310547,562.0,0.0,189.32000732421875,189.6300048828125,189.32000732421875,189.3300018310547,562.0,0.0
2025-07-29 09:43:00+05:30,189.52000427246094,189.52000427246094,189.52000427246094,189.52000427246094,3.0,0.0,189.52000427246094,189.52000427246094,189.52000427246094,189.52000427246094,3.0,0.0,189.52000427246094,189.52000427246094,189.52000427246094,189.52000427246094,3.0,0.0
2025-07-29 09:44:00+05:30,189.52999877929688,189.52999877929688,189.30999755859375,189.30999755859375,506.0,0.0,189.52999877929688,189.52999877929688,189.30999755859375,189.30999755859375,506.0,0.0,189.52999877929688,189.52999877929688,189.30999755859375,189.30999755859375,506.0,0.0
2025-07-29 09:45:00+05:30,189.1999969482422,189.1999969482422,189.1999969482422,189.1999969482422,30.0,0.0,189.1999969482422,189.1999969482422,189.1999969482422,189.1999969482422,30.0,0.0,189.1999969482422,189.1999969482422,189.1999969482422,189.1999969482422,30.0,0.0
2025-07-29 09:46:00+05:30,189.25999450683594,189.25999450683594,189.25999450683594,189.25999450683594,220.0,0.0,189.25999450683594,189.25999450683594,189.25999450683594,189.25999450683594,220.0,0.0,189.25999450683594,189.25999450683594,189.25999450683594,189.25999450683594,220.0,0.0
2025-07-29 09:47:00+05:30,189.47000122070312,189.47000122070312,189.1699981689453,189.1699981689453,236.0,0.0,189.47000122070312,189.47000122070312,189.1699981689453,189.1699981689453,236.0,0.0,189.47000122070312,189.47000122070312,189.1699981689453,189.1699981689453,236.0,0.0
2025-07-29 09:49:00+05:30,189.72999572753906,189.82000732421875,189.6199951171875,189.82000732421875,938.0,0.0,189.72999572753906,189.82000732421875,189.6199951171875,189.82000732421875,938.0,0.0,189.72999572753906,189.82000732421875,189.6199951171875,189.82000732421875,938.0,0.0
2025-07-29 09:50:00+05:30,189.88999938964844,189.88999938964844,189.80999755859375,189.88999938964844,721.0,0.0,189.88999938964844,189.88999938964844,189.80999755859375,189.88999938964844,721.0,0.0,189.88999938964844,189.88999938964844,189.80999755859375,189.88999938964844,721.0,0.0
2025-07-29 09:52:00+05:30,189.69000244140625,189.8800048828125,189.69000244140625,189.8800048828125,113.0,0.0,189.69000244140625,189.8800048828125,189.69000244140625,189.8800048828125,113.0,0.0,189.69000244140625,189.8800048828125,189.69000244140625,189.8800048828125,113.0,0.0
2025-07-29 09:53:00+05:30,189.8800048828125,190.0,189.69000244140625,190.0,990.0,0.0,189.8800048828125,190.0,189.69000244140625,190.0,990.0,0.0,189.8800048828125,190.0,189.69000244140625,190.0,990.0,0.0
2025-07-29 09:54:00+05:30,190.0,190.0,189.8800048828125,189.8800048828125,7801.0,0.0,190.0,190.0,189.8800048828125,189.8800048828125,7801.0,0.0,190.0,190.0,189.8800048828125,189.8800048828125,7801.0,0.0
2025-07-29 09:55:00+05:30,190.0,190.0,189.8800048828125,189.8800048828125,1803.0,0.0,190.0,190.0,189.8800048828125,189.8800048828125,1803.0,0.0,190.0,190.0,189.8800048828125,189.8800048828125,1803.0,0.0
2025-07-29 09:56:00+05:30,190.0,190.0,189.91000366210938,189.91000366210938,27717.0,0.0,190.0,190.0,189.91000366210938,189.91000366210938,27717.0,0.0,190.0,190.0,189.91000366210938,189.91000366210938,27717.0,0.0
2025-07-29 09:57:00+05:30,190.0,190.0,190.0,190.0,1055.0,0.0,190.0,190.0,190.0,190.0,1055.0,0.0,190.0,190.0,190.0,190.0,1055.0,0.0
2025-07-29 09:58:00+05:30,190.0,191.4199981689453,189.91000366210938,191.4199981689453,22446.0,0.0,190.0,191.4199981689453,189.91000366210938,191.4199981689453,22446.0,0.0,190.0,191.4199981689453,189.91000366210938,191.4199981689453,22446.0,0.0
2025-07-29 09:59:00+05:30,191.10000610351562,191.10000610351562,190.61000061035156,190.94000244140625,4941.0,0.0,191.10000610351562,191.10000610351562,190.61000061035156,190.94000244140625,4941.0,0.0,191.10000610351562,191.10000610351562,190.61000061035156,190.94000244140625,4941.0,0.0
2025-07-29 10:00:00+05:30,190.66000366210938,190.8699951171875,190.66000366210938,190.8699951171875,255.0,0.0,190.66000366210938,190.8699951171875,190.66000366210938,190.8699951171875,255.0,0.0,190.66000366210938,190.8699951171875,190.66000366210938,190.8699951171875,255.0,0.0
2025-07-29 10:01:00+05:30,190.85000610351562,190.85000610351562,190.85000610351562,190.85000610351562,938.0,0.0,190.85000610351562,190.85000610351562,190.85000610351562,190.85000610351562,938.0,0.0,190.85000610351562,190.85000610351562,190.85000610351562,190.85000610351562,938.0,0.0
2025-07-29 10:02:00+05:30,190.83999633789062,190.83999633789062,190.4499969482422,190.4499969482422,863.0,0.0,190.83999633789062,190.83999633789062,190.4499969482422,190.4499969482422,863.0,0.0,190.83999633789062,190.83999633789062,190.4499969482422,190.4499969482422,863.0,0.0
2025-07-29 10:03:00+05:30,190.0800018310547,190.27999877929688,190.0399932861328,190.0399932861328,582.0,0.0,190.0800018310547,190.27999877929688,190.0399932861328,190.0399932861328,582.0,0.0,190.0800018310547,190.27999877929688,190.0399932861328,190.0399932861328,582.0,0.0
2025-07-29 10:04:00+05:30,190.27999877929688,190.3000030517578,190.27999877929688,190.3000030517578,270.0,0.0,190.27999877929688,190.3000030517578,190.27999877929688,190.3000030517578,270.0,0.0,190.27999877929688,190.3000030517578,190.27999877929688,190.3000030517578,270.0,0.0
2025-07-29 10:05:00+05:30,190.44000244140625,190.44000244140625,190.44000244140625,190.44000244140625,1865.0,0.0,190.44000244140625,190.44000244140625,190.44000244140625,190.44000244140625,1865.0,0.0,190.44000244140625,190.44000244140625,190.44000244140625,190.44000244140625,1865.0,0.0
2025-07-29 10:06:00+05:30,190.27999877929688,190.27999877929688,190.27999877929688,190.27999877929688,148.0,0.0,190.27999877929688,190.27999877929688,190.27999877929688,190.27999877929688,148.0,0.0,190.27999877929688,190.27999877929688,190.27999877929688,190.27999877929688,148.0,0.0
2025-07-29 10:07:00+05:30,190.1999969482422,190.92999267578125,190.0500030517578,190.92999267578125,2697.0,1.0,190.1999969482422,190.92999267578125,190.0500030517578,190.92999267578125,2697.0,1.0,190.1999969482422,190.92999267578125,190.0500030517578,190.92999267578125,2697.0,1.0
2025-07-29 10:08:00+05:30,191.0,191.3000030517578,191.0,191.27999877929688,692.0,0.0,191.0,191.3000030517578,191.0,191.27999877929688,692.0,0.0,191.0,191.3000030517578,191.0,191.27999877929688,692.0,0.0
2025-07-29 10:09:00+05:30,191.25,191.25,191.25,191.25,361.0,0.0,191.25,191.25,191.25,191.25,361.0,0.0,191.25,191.25,191.25,191.25,361.0,0.0
2025-07-29 10:10:00+05:30,191.25,191.25,190.91000366210938,190.91000366210938,1010.0,0.0,191.25,191.25,190.91000366210938,190.91000366210938,1010.0,0.0,191.25,191.25,190.91000366210938,190.91000366210938,1010.0,0.0
2025-07-29 10:11:00+05:30,190.91000366210938,190.91000366210938,190.58999633789062,190.58999633789062,712.0,0.0,190.91000366210938,190.91000366210938,190.58999633789062,190.58999633789062,712.0,0.0,190.91000366210938,190.91000366210938,190.58999633789062,190.58999633789062,712.0,0.0
2025-07-29 10:12:00+05:30,190.44000244140625,190.44000244140625,190.3000030517578,190.3000030517578,414.0,-1.0,190.44000244140625,190.44000244140625,190.3000030517578,190.3000030517578,414.0,-1.0,190.44000244140625,190.44000244140625,190.3000030517578,190.3000030517578,414.0,0.0
2025-07-29 10:13:00+05:30,190.39999389648438,190.39999389648438,190.3000030517578,190.3000030517578,1949.0,0.0,190.39999389648438,190.39999389648438,190.3000030517578,190.3000030517578,1949.0,0.0,190.39999389648438,190.39999389648438,190.3000030517578,190.3000030517578,1949.0,0.0
2025-07-29 10:14:00+05:30,190.41000366210938,190.41000366210938,190.11000061035156,190.11000061035156,1243.0,0.0,190.41000366210938,190.41000366210938,190.11000061035156,190.11000061035156,1243.0,0.0,190.41000366210938,190.41000366210938,190.11000061035156,190.11000061035156,1243.0,0.0
2025-07-29 10:15:00+05:30,190.10000610351562,190.11000061035156,189.9199981689453,189.9199981689453,979.0,0.0,190.10000610351562,190.11000061035156,189.9199981689453,189.9199981689453,979.0,0.0,190.10000610351562,190.11000061035156,189.9199981689453,189.9199981689453,979.0,0.0
2025-07-29 10:17:00+05:30,189.92999267578125,190.27999877929688,189.92999267578125,190.27999877929688,219.0,0.0,189.92999267578125,190.27999877929688,189.92999267578125,190.27999877929688,219.0,0.0,189.92999267578125,190.27999877929688,189.92999267578125,190.27999877929688,219.0,0.0
2025-07-29 10:18:00+05:30,189.8000030517578,189.8000030517578,189.8000030517578,189.8000030517578,3493.0,0.0,189.8000030517578,189.8000030517578,189.8000030517578,189.8000030517578,3493.0,0.0,189.8000030517578,189.8000030517578,189.8000030517578,189.8000030517578,3493.0,0.0
2025-07-29 10:19:00+05:30,189.8000030517578,189.89999389648438,189.8000030517578,189.89999389648438,0.0,0.0,189.8000030517578,189.89999389648438,189.8000030517578,189.89999389648438,0.0,0.0,189.8000030517578,189.89999389648438,189.8000030517578,189.89999389648438,0.0,0.0
2025-07-29 10:20:00+05:30,189.9199981689453,189.9199981689453,189.8000030517578,189.8000030517578,513.0,0.0,189.9199981689453,189.9199981689453,189.8000030517578,189.8000030517578,513.0,0.0,189.9199981689453,189.9199981689453,189.8000030517578,189.8000030517578,513.0,0.0
2025-07-29 10:21:00+05:30,189.75,189.75999450683594,189.75,189.75999450683594,112.0,0.0,189.75,189.75999450683594,189.75,189.75999450683594,112.0,0.0,189.75,189.75999450683594,189.75,189.75999450683594,112.0,0.0
2025-07-29 10:22:00+05:30,189.75999450683594,189.75999450683594,189.75999450683594,189.75999450683594,167.0,0.0,189.75999450683594,189.75999450683594,189.75999450683594,189.75999450683594,167.0,0.0,189.75999450683594,189.75999450683594,189.75999450683594,189.75999450683594,167.0,0.0
2025-07-29 10:23:00+05:30,190.00999450683594,190.00999450683594,189.30999755859375,189.30999755859375,599.0,0.0,190.00999450683594,190.00999450683594,189.30999755859375,189.30999755859375,599.0,0.0,190.00999450683594,190.00999450683594,189.30999755859375,189.30999755859375,599.0,0.0
2025-07-29 10:24:00+05:30,189.5,189.5399932861328,189.2899932861328,189.5399932861328,68.0,0.0,189.5,189.5399932861328,189.2899932861328,189.5399932861328,68.0,0.0,189.5,189.5399932861328,189.2899932861328,189.5399932861328,68.0,0.0
2025-07-29 10:25:00+05:30,189.27000427246094,189.27000427246094,189.27000427246094,189.27000427246094,64.0,0.0,189.27000427246094,189.27000427246094,189.27000427246094,189.27000427246094,64.0,0.0,189.27000427246094,189.27000427246094,189.27000427246094,189.27000427246094,64.0,0.0
2025-07-29 10:26:00+05:30,189.27000427246094,189.49000549316406,189.1999969482422,189.49000549316406,81.0,0.0,189.27000427246094,189.49000549316406,189.1999969482422,189.49000549316406,81.0,0.0,189.27000427246094,189.49000549316406,189.1999969482422,189.49000549316406,81.0,0.0
2025-07-29 10:27:00+05:30,189.1699981689453,189.44000244140625,189.1699981689453,189.19000244140625,3585.0,0.0,189.1699981689453,189.44000244140625,189.1699981689453,189.19000244140625,3585.0,0.0,189.1699981689453,189.44000244140625,189.1699981689453,189.19000244140625,3585.0,0.0
2025-07-29 10:28:00+05:30,189.60000610351562,189.60000610351562,188.55999755859375,188.55999755859375,3364.0,0.0,189.60000610351562,189.60000610351562,188.55999755859375,188.55999755859375,3364.0,0.0,189.60000610351562,189.60000610351562,188.55999755859375,188.55999755859375,3364.0,0.0
2025-07-29 10:29:00+05:30,188.8800048828125,189.3300018310547,188.8800048828125,189.2100067138672,1796.0,0.0,188.8800048828125,189.3300018310547,188.8800048828125,189.2100067138672,1796.0,0.0,188.8800048828125,189.3300018310547,188.8800048828125,189.2100067138672,1796.0,0.0
2025-07-29 10:30:00+05:30,189.2899932861328,189.64999389648438,188.74000549316406,188.74000549316406,8502.0,0.0,189.2899932861328,189.64999389648438,188.74000549316406,188.74000549316406,8502.0,0.0,189.2899932861328,189.64999389648438,188.74000549316406,188.74000549316406,8502.0,0.0
2025-07-29 10:31:00+05:30,188.74000549316406,189.17999267578125,188.74000549316406,189.02999877929688,1593.0,0.0,188.74000549316406,189.17999267578125,188.74000549316406,189.02999877929688,1593.0,0.0,188.74000549316406,189.17999267578125,188.74000549316406,189.02999877929688,1593.0,0.0
2025-07-29 10:32:00+05:30,189.0500030517578,189.24000549316406,188.7100067138672,188.7100067138672,24388.0,0.0,189.0500030517578,189.24000549316406,188.7100067138672,188.7100067138672,24388.0,0.0,189.0500030517578,189.24000549316406,188.7100067138672,188.7100067138672,24388.0,0.0
2025-07-29 10:33:00+05:30,188.83999633789062,188.89999389648438,188.80999755859375,188.89999389648438,115.0,0.0,188.83999633789062,188.89999389648438,188.80999755859375,188.89999389648438,115.0,0.0,188.83999633789062,188.89999389648438,188.80999755859375,188.89999389648438,115.0,0.0
2025-07-29 10:34:00+05:30,188.85000610351562,189.02000427246094,188.5,189.00999450683594,14655.0,0.0,188.85000610351562,189.02000427246094,188.5,189.00999450683594,14655.0,0.0,188.85000610351562,189.02000427246094,188.5,189.00999450683594,14655.0,0.0
2025-07-29 10:35:00+05:30,189.0,189.0,188.7100067138672,188.7100067138672,66.0,0.0,189.0,189.0,188.7100067138672,188.7100067138672,66.0,0.0,189.0,189.0,188.7100067138672,188.7100067138672,66.0,0.0
2025-07-29 10:38:00+05:30,189.0,189.0,188.75,188.8000030517578,2744.0,0.0,189.0,189.0,188.75,188.8000030517578,2744.0,0.0,189.0,189.0,188.75,188.8000030517578,2744.0,0.0
2025-07-29 10:39:00+05:30,188.8000030517578,188.99000549316406,188.8000030517578,188.99000549316406,115.0,0.0,188.8000030517578,188.99000549316406,188.8000030517578,188.99000549316406,115.0,0.0,188.8000030517578,188.99000549316406,188.8000030517578,188.99000549316406,115.0,0.0
2025-07-29 10:40:00+05:30,188.67999267578125,188.67999267578125,188.5,188.5,573.0,0.0,188.67999267578125,188.67999267578125,188.5,188.5,573.0,0.0,188.67999267578125,188.67999267578125,188.5,188.5,573.0,0.0
2025-07-29 10:41:00+05:30,188.5,188.5,188.5,188.5,100.0,0.0,188.5,188.5,188.5,188.5,100.0,0.0,188.5,188.5,188.5,188.5,100.0,0.0
2025-07-29 10:42:00+05:30,188.5,188.72999572753906,188.5,188.72999572753906,903.0,0.0,188.5,188.72999572753906,188.5,188.72999572753906,903.0,0.0,188.5,188.72999572753906,188.5,188.72999572753906,903.0,0.0
2025-07-29 10:43:00+05:30,188.72999572753906,188.77999877929688,188.2100067138672,188.2100067138672,2867.0,0.0,188.72999572753906,188.77999877929688,188.2100067138672,188.2100067138672,2867.0,0.0,188.72999572753906,188.77999877929688,188.2100067138672,188.2100067138672,2867.0,0.0
2025-07-29 10:45:00+05:30,188.25999450683594,188.47000122070312,188.25999450683594,188.47000122070312,0.0,0.0,188.25999450683594,188.47000122070312,188.25999450683594,188.47000122070312,0.0,0.0,188.25999450683594,188.47000122070312,188.25999450683594,188.47000122070312,0.0,0.0
2025-07-29 10:46:00+05:30,188.52999877929688,188.52999877929688,188.25999450683594,188.47999572753906,544.0,0.0,188.52999877929688,188.52999877929688,188.25999450683594,188.47999572753906,544.0,0.0,188.52999877929688,188.52999877929688,188.25999450683594,188.47999572753906,544.0,0.0
2025-07-29 10:47:00+05:30,188.5,188.5,188.11000061035156,188.11000061035156,3471.0,0.0,188.5,188.5,188.11000061035156,188.11000061035156,3471.0,0.0,188.5,188.5,188.11000061035156,188.11000061035156,3471.0,0.0
2025-07-29 10:48:00+05:30,188.22000122070312,188.22000122070312,188.22000122070312,188.22000122070312,132.0,0.0,188.22000122070312,188.22000122070312,188.22000122070312,188.22000122070312,132.0,0.0,188.22000122070312,188.22000122070312,188.22000122070312,188.22000122070312,132.0,0.0
2025-07-29 10:49:00+05:30,188.2100067138672,188.2100067138672,188.2100067138672,188.2100067138672,494.0,0.0,188.2100067138672,188.2100067138672,188.2100067138672,188.2100067138672,494.0,0.0,188.2100067138672,188.2100067138672,188.2100067138672,188.2100067138672,494.0,0.0
2025-07-29 10:50:00+05:30,188.25,188.25,188.25,188.25,687.0,0.0,188.25,188.25,188.25,188.25,687.0,0.0,188.25,188.25,188.25,188.25,687.0,0.0
2025-07-29 10:51:00+05:30,188.25999450683594,188.25999450683594,188.25999450683594,188.25999450683594,841.0,0.0,188.25999450683594,188.25999450683594,188.25999450683594,188.25999450683594,841.0,0.0,188.25999450683594,188.25999450683594,188.25999450683594,188.25999450683594,841.0,0.0
2025-07-29 10:52:00+05:30,188.0500030517578,188.0500030517578,188.0500030517578,188.0500030517578,2015.0,0.0,188.0500030517578,188.0500030517578,188.0500030517578,188.0500030517578,2015.0,0.0,188.0500030517578,188.0500030517578,188.0500030517578,188.0500030517578,2015.0,0.0
2025-07-29 10:54:00+05:30,188.14999389648438,188.14999389648438,188.14999389648438,188.14999389648438,118.0,0.0,188.14999389648438,188.14999389648438,188.14999389648438,188.14999389648438,118.0,0.0,188.14999389648438,188.14999389648438,188.14999389648438,188.14999389648438,118.0,0.0
2025-07-29 10:55:00+05:30,188.0500030517578,188.16000366210938,188.0500030517578,188.0500030517578,194.0,0.0,188.0500030517578,188.16000366210938,188.0500030517578,188.0500030517578,194.0,0.0,188.0500030517578,188.16000366210938,188.0500030517578,188.0500030517578,194.0,0.0
2025-07-29 10:56:00+05:30,188.16000366210938,188.1699981689453,188.0500030517578,188.1699981689453,519.0,0.0,188.16000366210938,188.1699981689453,188.0500030517578,188.1699981689453,519.0,0.0,188.16000366210938,188.1699981689453,188.0500030517578,188.1699981689453,519.0,0.0
2025-07-29 10:57:00+05:30,188.1699981689453,188.1699981689453,188.0500030517578,188.0500030517578,179.0,0.0,188.1699981689453,188.1699981689453,188.0500030517578,188.0500030517578,179.0,0.0,188.1699981689453,188.1699981689453,188.0500030517578,188.0500030517578,179.0,0.0
2025-07-29 10:58:00+05:30,188.0500030517578,188.0500030517578,187.5,187.6999969482422,6724.0,0.0,188.0500030517578,188.0500030517578,187.5,187.6999969482422,6724.0,0.0,188.0500030517578,188.0500030517578,187.5,187.6999969482422,6724.0,0.0
2025-07-29 10:59:00+05:30,188.08999633789062,188.08999633789062,188.0,188.0,1022.0,0.0,188.08999633789062,188.08999633789062,188.0,188.0,1022.0,0.0,188.08999633789062,188.08999633789062,188.0,188.0,1022.0,0.0
2025-07-29 11:00:00+05:30,187.7899932861328,187.7899932861328,187.7899932861328,187.7899932861328,40.0,0.0,187.7899932861328,187.7899932861328,187.7899932861328,187.7899932861328,40.0,0.0,187.7899932861328,187.7899932861328,187.7899932861328,187.7899932861328,40.0,0.0
2025-07-29 11:01:00+05:30,188.0,188.0,187.72000122070312,187.72000122070312,90.0,0.0,188.0,188.0,187.72000122070312,187.72000122070312,90.0,0.0,188.0,188.0,187.72000122070312,187.72000122070312,90.0,0.0
2025-07-29 11:02:00+05:30,187.75,187.89999389648438,187.75,187.89999389648438,167.0,0.0,187.75,187.89999389648438,187.75,187.89999389648438,167.0,0.0,187.75,187.89999389648438,187.75,187.89999389648438,167.0,0.0
2025-07-29 11:03:00+05:30,187.9499969482422,187.9499969482422,187.8300018310547,187.8300018310547,1046.0,0.0,187.9499969482422,187.9499969482422,187.8300018310547,187.8300018310547,1046.0,0.0,187.9499969482422,187.9499969482422,187.8300018310547,187.8300018310547,1046.0,0.0
2025-07-29 11:04:00+05:30,189.38999938964844,189.38999938964844,188.41000366210938,188.5800018310547,15813.0,0.0,189.38999938964844,189.38999938964844,188.41000366210938,188.5800018310547,15813.0,0.0,189.38999938964844,189.38999938964844,188.41000366210938,188.5800018310547,15813.0,0.0
2025-07-29 11:06:00+05:30,188.64999389648438,188.64999389648438,188.32000732421875,188.32000732421875,91.0,0.0,188.64999389648438,188.64999389648438,188.32000732421875,188.32000732421875,91.0,0.0,188.64999389648438,188.64999389648438,188.32000732421875,188.32000732421875,91.0,0.0
2025-07-29 11:07:00+05:30,188.57000732421875,188.57000732421875,188.57000732421875,188.57000732421875,128.0,0.0,188.57000732421875,188.57000732421875,188.57000732421875,188.57000732421875,128.0,0.0,188.57000732421875,188.57000732421875,188.57000732421875,188.57000732421875,128.0,0.0
2025-07-29 11:08:00+05:30,188.3000030517578,188.42999267578125,188.3000030517578,188.42999267578125,998.0,0.0,188.3000030517578,188.42999267578125,188.3000030517578,188.42999267578125,998.0,0.0,188.3000030517578,188.42999267578125,188.3000030517578,188.42999267578125,998.0,0.0
2025-07-29 11:09:00+05:30,188.42999267578125,188.42999267578125,188.4199981689453,188.4199981689453,50.0,0.0,188.42999267578125,188.42999267578125,188.4199981689453,188.4199981689453,50.0,0.0,188.42999267578125,188.42999267578125,188.4199981689453,188.4199981689453,50.0,0.0
2025-07-29 11:10:00+05:30,188.4199981689453,188.4199981689453,188.11000061035156,188.11000061035156,45.0,0.0,188.4199981689453,188.4199981689453,188.11000061035156,188.11000061035156,45.0,0.0,188.4199981689453,188.4199981689453,188.11000061035156,188.11000061035156,45.0,0.0
2025-07-29 11:11:00+05:30,188.1300048828125,188.1300048828125,188.02000427246094,188.02000427246094,1071.0,0.0,188.1300048828125,188.1300048828125,188.02000427246094,188.02000427246094,1071.0,0.0,188.1300048828125,188.1300048828125,188.02000427246094,188.02000427246094,1071.0,0.0
2025-07-29 11:12:00+05:30,188.22000122070312,188.22000122070312,188.02999877929688,188.02999877929688,92.0,0.0,188.22000122070312,188.22000122070312,188.02999877929688,188.02999877929688,92.0,0.0,188.22000122070312,188.22000122070312,188.02999877929688,188.02999877929688,92.0,0.0
2025-07-29 11:14:00+05:30,188.0399932861328,188.22999572753906,188.0399932861328,188.22999572753906,97.0,0.0,188.0399932861328,188.22999572753906,188.0399932861328,188.22999572753906,97.0,0.0,188.0399932861328,188.22999572753906,188.0399932861328,188.22999572753906,97.0,0.0
2025-07-29 11:15:00+05:30,188.02999877929688,188.22999572753906,188.02999877929688,188.22999572753906,64.0,0.0,188.02999877929688,188.22999572753906,188.02999877929688,188.22999572753906,64.0,0.0,188.02999877929688,188.22999572753906,188.02999877929688,188.22999572753906,64.0,0.0
2025-07-29 11:16:00+05:30,188.36000061035156,188.52999877929688,188.0399932861328,188.52999877929688,1700.0,0.0,188.36000061035156,188.52999877929688,188.0399932861328,188.52999877929688,1700.0,0.0,188.36000061035156,188.52999877929688,188.0399932861328,188.52999877929688,1700.0,0.0
2025-07-29 11:17:00+05:30,188.64999389648438,188.83999633789062,188.64999389648438,188.64999389648438,624.0,0.0,188.64999389648438,188.83999633789062,188.64999389648438,188.64999389648438,624.0,0.0,188.64999389648438,188.83999633789062,188.64999389648438,188.64999389648438,624.0,0.0
2025-07-29 11:18:00+05:30,188.91000366210938,188.91000366210938,188.91000366210938,188.91000366210938,198.0,0.0,188.91000366210938,188.91000366210938,188.91000366210938,188.91000366210938,198.0,0.0,188.91000366210938,188.91000366210938,188.91000366210938,188.91000366210938,198.0,0.0
2025-07-29 11:19:00+05:30,188.8800048828125,188.99000549316406,188.8800048828125,188.99000549316406,1190.0,0.0,188.8800048828125,188.99000549316406,188.8800048828125,188.99000549316406,1190.0,0.0,188.8800048828125,188.99000549316406,188.8800048828125,188.99000549316406,1190.0,0.0
2025-07-29 11:20:00+05:30,188.89999389648438,188.89999389648438,188.61000061035156,188.66000366210938,8.0,0.0,188.89999389648438,188.89999389648438,188.61000061035156,188.66000366210938,8.0,0.0,188.89999389648438,188.89999389648438,188.61000061035156,188.66000366210938,8.0,0.0
2025-07-29 11:21:00+05:30,188.8699951171875,188.8699951171875,188.30999755859375,188.30999755859375,525.0,0.0,188.8699951171875,188.8699951171875,188.30999755859375,188.30999755859375,525.0,0.0,188.8699951171875,188.8699951171875,188.30999755859375,188.30999755859375,525.0,0.0
2025-07-29 11:22:00+05:30,188.30999755859375,188.30999755859375,188.27000427246094,188.27000427246094,224.0,0.0,188.30999755859375,188.30999755859375,188.27000427246094,188.27000427246094,224.0,0.0,188.30999755859375,188.30999755859375,188.27000427246094,188.27000427246094,224.0,0.0
2025-07-29 11:23:00+05:30,188.4600067138672,188.4600067138672,188.4600067138672,188.4600067138672,13.0,0.0,188.4600067138672,188.4600067138672,188.4600067138672,188.4600067138672,13.0,0.0,188.4600067138672,188.4600067138672,188.4600067138672,188.4600067138672,13.0,0.0
2025-07-29 11:26:00+05:30,188.4199981689453,188.4199981689453,188.41000366210938,188.41000366210938,53.0,0.0,188.4199981689453,188.4199981689453,188.41000366210938,188.41000366210938,53.0,0.0,188.4199981689453,188.4199981689453,188.41000366210938,188.41000366210938,53.0,0.0
2025-07-29 11:28:00+05:30,188.38999938964844,188.5500030517578,188.38999938964844,188.5500030517578,41.0,0.0,188.38999938964844,188.5500030517578,188.38999938964844,188.5500030517578,41.0,0.0,188.38999938964844,188.5500030517578,188.38999938964844,188.5500030517578,41.0,0.0
2025-07-29 11:29:00+05:30,188.41000366210938,188.41000366210938,188.41000366210938,188.41000366210938,183.0,0.0,188.41000366210938,188.41000366210938,188.41000366210938,188.41000366210938,183.0,0.0,188.41000366210938,188.41000366210938,188.41000366210938,188.41000366210938,183.0,0.0
2025-07-29 11:30:00+05:30,188.41000366210938,188.41000366210938,188.41000366210938,188.41000366210938,100.0,0.0,188.41000366210938,188.41000366210938,188.41000366210938,188.41000366210938,100.0,0.0,188.41000366210938,188.41000366210938,188.41000366210938,188.41000366210938,100.0,0.0
2025-07-29 11:31:00+05:30,188.5500030517578,188.5500030517578,188.5500030517578,188.5500030517578,0.0,0.0,188.5500030517578,188.5500030517578,188.5500030517578,188.5500030517578,0.0,0.0,188.5500030517578,188.5500030517578,188.5500030517578,188.5500030517578,0.0,0.0
2025-07-29 11:32:00+05:30,188.41000366210938,188.41000366210938,188.41000366210938,188.41000366210938,150.0,-1.0,188.41000366210938,188.41000366210938,188.41000366210938,188.41000366210938,150.0,-1.0,188.41000366210938,188.41000366210938,188.41000366210938,188.41000366210938,150.0,-1.0
2025-07-29 11:33:00+05:30,188.41000366210938,188.64999389648438,188.41000366210938,188.63999938964844,49.0,1.0,188.41000366210938,188.64999389648438,188.41000366210938,188.63999938964844,49.0,1.0,188.41000366210938,188.64999389648438,188.41000366210938,188.63999938964844,49.0,1.0
2025-07-29 11:35:00+05:30,188.83999633789062,188.83999633789062,188.6300048828125,188.6300048828125,1949.0,0.0,188.83999633789062,188.83999633789062,188.6300048828125,188.6300048828125,1949.0,0.0,188.83999633789062,188.83999633789062,188.6300048828125,188.6300048828125,1949.0,0.0
2025-07-29 11:37:00+05:30,188.58999633789062,188.72000122070312,188.58999633789062,188.72000122070312,0.0,0.0,188.58999633789062,188.72000122070312,188.58999633789062,188.72000122070312,0.0,0.0,188.58999633789062,188.72000122070312,188.58999633789062,188.72000122070312,0.0,0.0
2025-07-29 11:39:00+05:30,188.50999450683594,188.80999755859375,188.41000366210938,188.41000366210938,1924.0,0.0,188.50999450683594,188.80999755859375,188.41000366210938,188.41000366210938,1924.0,0.0,188.50999450683594,188.80999755859375,188.41000366210938,188.41000366210938,1924.0,0.0
2025-07-29 11:40:00+05:30,188.5500030517578,188.74000549316406,188.4199981689453,188.74000549316406,3077.0,0.0,188.5500030517578,188.74000549316406,188.4199981689453,188.74000549316406,3077.0,0.0,188.5500030517578,188.74000549316406,188.4199981689453,188.74000549316406,3077.0,0.0
2025-07-29 11:42:00+05:30,188.5800018310547,188.72000122070312,188.5800018310547,188.72000122070312,56.0,0.0,188.5800018310547,188.72000122070312,188.5800018310547,188.72000122070312,56.0,0.0,188.5800018310547,188.72000122070312,188.5800018310547,188.72000122070312,56.0,0.0
2025-07-29 11:43:00+05:30,188.72999572753906,188.72999572753906,188.72999572753906,188.72999572753906,49.0,0.0,188.72999572753906,188.72999572753906,188.72999572753906,188.72999572753906,49.0,0.0,188.72999572753906,188.72999572753906,188.72999572753906,188.72999572753906,49.0,0.0
2025-07-29 11:44:00+05:30,188.6999969482422,188.6999969482422,188.6699981689453,188.6699981689453,21.0,0.0,188.6999969482422,188.6999969482422,188.6699981689453,188.6699981689453,21.0,0.0,188.6999969482422,188.6999969482422,188.6699981689453,188.6699981689453,21.0,0.0
2025-07-29 11:45:00+05:30,188.6199951171875,188.6199951171875,188.4600067138672,188.4600067138672,427.0,-1.0,188.6199951171875,188.6199951171875,188.4600067138672,188.4600067138672,427.0,-1.0,188.6199951171875,188.6199951171875,188.4600067138672,188.4600067138672,427.0,-1.0
2025-07-29 11:46:00+05:30,188.6199951171875,188.6199951171875,188.6199951171875,188.6199951171875,0.0,0.0,188.6199951171875,188.6199951171875,188.6199951171875,188.6199951171875,0.0,0.0,188.6199951171875,188.6199951171875,188.6199951171875,188.6199951171875,0.0,0.0
2025-07-29 11:47:00+05:30,188.6199951171875,188.6199951171875,188.6199951171875,188.6199951171875,0.0,0.0,188.6199951171875,188.6199951171875,188.6199951171875,188.6199951171875,0.0,0.0,188.6199951171875,188.6199951171875,188.6199951171875,188.6199951171875,0.0,0.0
2025-07-29 11:48:00+05:30,188.4600067138672,188.4600067138672,188.39999389648438,188.39999389648438,0.0,0.0,188.4600067138672,188.4600067138672,188.39999389648438,188.39999389648438,0.0,0.0,188.4600067138672,188.4600067138672,188.39999389648438,188.39999389648438,0.0,0.0
2025-07-29 11:49:00+05:30,188.4600067138672,188.4600067138672,188.4600067138672,188.4600067138672,1009.0,0.0,188.4600067138672,188.4600067138672,188.4600067138672,188.4600067138672,1009.0,0.0,188.4600067138672,188.4600067138672,188.4600067138672,188.4600067138672,1009.0,0.0
2025-07-29 11:50:00+05:30,188.35000610351562,188.35000610351562,188.27999877929688,188.27999877929688,1756.0,0.0,188.35000610351562,188.35000610351562,188.27999877929688,188.27999877929688,1756.0,0.0,188.35000610351562,188.35000610351562,188.27999877929688,188.27999877929688,1756.0,0.0
2025-07-29 11:52:00+05:30,188.4199981689453,188.4199981689453,188.4199981689453,188.4199981689453,0.0,0.0,188.4199981689453,188.4199981689453,188.4199981689453,188.4199981689453,0.0,0.0,188.4199981689453,188.4199981689453,188.4199981689453,188.4199981689453,0.0,0.0
2025-07-29 11:53:00+05:30,188.3000030517578,188.3000030517578,188.3000030517578,188.3000030517578,148.0,0.0,188.3000030517578,188.3000030517578,188.3000030517578,188.3000030517578,148.0,0.0,188.3000030517578,188.3000030517578,188.3000030517578,188.3000030517578,148.0,0.0
2025-07-29 11:54:00+05:30,188.3000030517578,188.3000030517578,188.3000030517578,188.3000030517578,0.0,0.0,188.3000030517578,188.3000030517578,188.3000030517578,188.3000030517578,0.0,0.0,188.3000030517578,188.3000030517578,188.3000030517578,188.3000030517578,0.0,0.0
2025-07-29 11:55:00+05:30,188.1999969482422,188.33999633789062,188.1999969482422,188.33999633789062,216.0,0.0,188.1999969482422,188.33999633789062,188.1999969482422,188.33999633789062,216.0,0.0,188.1999969482422,188.33999633789062,188.1999969482422,188.33999633789062,216.0,0.0
2025-07-29 11:56:00+05:30,188.1999969482422,188.1999969482422,188.1999969482422,188.1999969482422,91.0,0.0,188.1999969482422,188.1999969482422,188.1999969482422,188.1999969482422,91.0,0.0,188.1999969482422,188.1999969482422,188.1999969482422,188.1999969482422,91.0,0.0
2025-07-29 11:57:00+05:30,188.19000244140625,188.19000244140625,188.19000244140625,188.19000244140625,0.0,0.0,188.19000244140625,188.19000244140625,188.19000244140625,188.19000244140625,0.0,0.0,188.19000244140625,188.19000244140625,188.19000244140625,188.19000244140625,0.0,0.0
2025-07-29 11:58:00+05:30,188.00999450683594,188.00999450683594,188.00999450683594,188.00999450683594,1576.0,0.0,188.00999450683594,188.00999450683594,188.00999450683594,188.00999450683594,1576.0,0.0,188.00999450683594,188.00999450683594,188.00999450683594,188.00999450683594,1576.0,0.0
2025-07-29 11:59:00+05:30,187.7899932861328,187.7899932861328,187.7899932861328,187.7899932861328,402.0,0.0,187.7899932861328,187.7899932861328,187.7899932861328,187.7899932861328,402.0,0.0,187.7899932861328,187.7899932861328,187.7899932861328,187.7899932861328,402.0,0.0
2025-07-29 12:01:00+05:30,188.0399932861328,188.16000366210938,187.7899932861328,187.94000244140625,558.0,0.0,188.0399932861328,188.16000366210938,187.7899932861328,187.94000244140625,558.0,0.0,188.0399932861328,188.16000366210938,187.7899932861328,187.94000244140625,558.0,0.0
2025-07-29 12:02:00+05:30,188.17999267578125,188.17999267578125,188.17999267578125,188.17999267578125,178.0,0.0,188.17999267578125,188.17999267578125,188.17999267578125,188.17999267578125,178.0,0.0,188.17999267578125,188.17999267578125,188.17999267578125,188.17999267578125,178.0,0.0
2025-07-29 12:03:00+05:30,188.14999389648438,188.14999389648438,188.14999389648438,188.14999389648438,13.0,0.0,188.14999389648438,188.14999389648438,188.14999389648438,188.14999389648438,13.0,0.0,188.14999389648438,188.14999389648438,188.14999389648438,188.14999389648438,13.0,0.0
2025-07-29 12:04:00+05:30,188.14999389648438,188.14999389648438,188.14999389648438,188.14999389648438,17.0,0.0,188.14999389648438,188.14999389648438,188.14999389648438,188.14999389648438,17.0,0.0,188.14999389648438,188.14999389648438,188.14999389648438,188.14999389648438,17.0,0.0
2025-07-29 12:05:00+05:30,188.14999389648438,188.14999389648438,188.14999389648438,188.14999389648438,400.0,0.0,188.14999389648438,188.14999389648438,188.14999389648438,188.14999389648438,400.0,0.0,188.14999389648438,188.14999389648438,188.14999389648438,188.14999389648438,400.0,0.0
2025-07-29 12:06:00+05:30,187.64999389648438,187.64999389648438,187.3800048828125,187.3800048828125,14007.0,0.0,187.64999389648438,187.64999389648438,187.3800048828125,187.3800048828125,14007.0,0.0,187.64999389648438,187.64999389648438,187.3800048828125,187.3800048828125,14007.0,0.0
2025-07-29 12:07:00+05:30,187.32000732421875,187.39999389648438,187.32000732421875,187.3699951171875,9.0,0.0,187.32000732421875,187.39999389648438,187.32000732421875,187.3699951171875,9.0,0.0,187.32000732421875,187.39999389648438,187.32000732421875,187.3699951171875,9.0,0.0
2025-07-29 12:08:00+05:30,187.24000549316406,187.50999450683594,187.24000549316406,187.50999450683594,351.0,0.0,187.24000549316406,187.50999450683594,187.24000549316406,187.50999450683594,351.0,0.0,187.24000549316406,187.50999450683594,187.24000549316406,187.50999450683594,351.0,0.0
2025-07-29 12:09:00+05:30,187.52999877929688,187.52999877929688,187.4600067138672,187.4600067138672,719.0,0.0,187.52999877929688,187.52999877929688,187.4600067138672,187.4600067138672,719.0,0.0,187.52999877929688,187.52999877929688,187.4600067138672,187.4600067138672,719.0,0.0
2025-07-29 12:10:00+05:30,187.4600067138672,187.4600067138672,187.4600067138672,187.4600067138672,102.0,0.0,187.4600067138672,187.4600067138672,187.4600067138672,187.4600067138672,102.0,0.0,187.4600067138672,187.4600067138672,187.4600067138672,187.4600067138672,102.0,0.0
2025-07-29 12:11:00+05:30,187.6300048828125,187.6300048828125,187.6300048828125,187.6300048828125,0.0,0.0,187.6300048828125,187.6300048828125,187.6300048828125,187.6300048828125,0.0,0.0,187.6300048828125,187.6300048828125,187.6300048828125,187.6300048828125,0.0,0.0
2025-07-29 12:12:00+05:30,187.3800048828125,187.3800048828125,187.3800048828125,187.3800048828125,57.0,0.0,187.3800048828125,187.3800048828125,187.3800048828125,187.3800048828125,57.0,0.0,187.3800048828125,187.3800048828125,187.3800048828125,187.3800048828125,57.0,0.0
2025-07-29 12:14:00+05:30,187.6300048828125,187.6300048828125,187.6300048828125,187.6300048828125,272.0,0.0,187.6300048828125,187.6300048828125,187.6300048828125,187.6300048828125,272.0,0.0,187.6300048828125,187.6300048828125,187.6300048828125,187.6300048828125,272.0,0.0
2025-07-29 12:15:00+05:30,187.6300048828125,187.6300048828125,187.6300048828125,187.6300048828125,225.0,0.0,187.6300048828125,187.6300048828125,187.6300048828125,187.6300048828125,225.0,0.0,187.6300048828125,187.6300048828125,187.6300048828125,187.6300048828125,225.0,0.0
2025-07-29 12:16:00+05:30,187.6300048828125,187.6300048828125,187.5500030517578,187.5500030517578,189.0,0.0,187.6300048828125,187.6300048828125,187.5500030517578,187.5500030517578,189.0,0.0,187.6300048828125,187.6300048828125,187.5500030517578,187.5500030517578,189.0,0.0
2025-07-29 12:17:00+05:30,187.52000427246094,187.61000061035156,187.3300018310547,187.3300018310547,188.0,0.0,187.52000427246094,187.61000061035156,187.3300018310547,187.3300018310547,188.0,0.0,187.52000427246094,187.61000061035156,187.3300018310547,187.3300018310547,188.0,0.0
2025-07-29 12:18:00+05:30,187.3300018310547,187.4600067138672,187.3300018310547,187.4600067138672,336.0,0.0,187.3300018310547,187.4600067138672,187.3300018310547,187.4600067138672,336.0,0.0,187.3300018310547,187.4600067138672,187.3300018310547,187.4600067138672,336.0,0.0
2025-07-29 12:19:00+05:30,187.2899932861328,187.75999450683594,187.2899932861328,187.75999450683594,2483.0,1.0,187.2899932861328,187.75999450683594,187.2899932861328,187.75999450683594,2483.0,0.0,187.2899932861328,187.75999450683594,187.2899932861328,187.75999450683594,2483.0,0.0
2025-07-29 12:20:00+05:30,187.9199981689453,187.9199981689453,187.9199981689453,187.9199981689453,86.0,0.0,187.9199981689453,187.9199981689453,187.9199981689453,187.9199981689453,86.0,0.0,187.9199981689453,187.9199981689453,187.9199981689453,187.9199981689453,86.0,0.0
2025-07-29 12:21:00+05:30,187.92999267578125,188.14999389648438,187.92999267578125,188.14999389648438,64.0,0.0,187.92999267578125,188.14999389648438,187.92999267578125,188.14999389648438,64.0,0.0,187.92999267578125,188.14999389648438,187.92999267578125,188.14999389648438,64.0,0.0
2025-07-29 12:22:00+05:30,188.1699981689453,188.1699981689453,188.0,188.0,203.0,0.0,188.1699981689453,188.1699981689453,188.0,188.0,203.0,0.0,188.1699981689453,188.1699981689453,188.0,188.0,203.0,0.0
2025-07-29 12:23:00+05:30,188.0,188.0,188.0,188.0,427.0,0.0,188.0,188.0,188.0,188.0,427.0,0.0,188.0,188.0,188.0,188.0,427.0,0.0
2025-07-29 12:24:00+05:30,188.17999267578125,188.17999267578125,188.17999267578125,188.17999267578125,0.0,0.0,188.17999267578125,188.17999267578125,188.17999267578125,188.17999267578125,0.0,0.0,188.17999267578125,188.17999267578125,188.17999267578125,188.17999267578125,0.0,0.0
2025-07-29 12:25:00+05:30,187.8800048828125,187.8800048828125,187.8800048828125,187.8800048828125,286.0,0.0,187.8800048828125,187.8800048828125,187.8800048828125,187.8800048828125,286.0,0.0,187.8800048828125,187.8800048828125,187.8800048828125,187.8800048828125,286.0,0.0
2025-07-29 12:26:00+05:30,187.75999450683594,187.75999450683594,187.75999450683594,187.75999450683594,27.0,0.0,187.75999450683594,187.75999450683594,187.75999450683594,187.75999450683594,27.0,0.0,187.75999450683594,187.75999450683594,187.75999450683594,187.75999450683594,27.0,0.0
2025-07-29 12:27:00+05:30,187.9199981689453,187.9199981689453,187.50999450683594,187.50999450683594,147.0,0.0,187.9199981689453,187.9199981689453,187.50999450683594,187.50999450683594,147.0,0.0,187.9199981689453,187.9199981689453,187.50999450683594,187.50999450683594,147.0,0.0
2025-07-29 12:28:00+05:30,187.72999572753906,187.72999572753906,187.50999450683594,187.50999450683594,1735.0,0.0,187.72999572753906,187.72999572753906,187.50999450683594,187.50999450683594,1735.0,0.0,187.72999572753906,187.72999572753906,187.50999450683594,187.50999450683594,1735.0,0.0
2025-07-29 12:29:00+05:30,188.24000549316406,188.24000549316406,188.13999938964844,188.14999389648438,928.0,0.0,188.24000549316406,188.24000549316406,188.13999938964844,188.14999389648438,928.0,0.0,188.24000549316406,188.24000549316406,188.13999938964844,188.14999389648438,928.0,0.0
2025-07-29 12:30:00+05:30,188.14999389648438,188.14999389648438,188.14999389648438,188.14999389648438,186.0,0.0,188.14999389648438,188.14999389648438,188.14999389648438,188.14999389648438,186.0,0.0,188.14999389648438,188.14999389648438,188.14999389648438,188.14999389648438,186.0,0.0
2025-07-29 12:31:00+05:30,188.14999389648438,188.14999389648438,188.13999938964844,188.14999389648438,426.0,0.0,188.14999389648438,188.14999389648438,188.13999938964844,188.14999389648438,426.0,0.0,188.14999389648438,188.14999389648438,188.13999938964844,188.14999389648438,426.0,0.0
2025-07-29 12:34:00+05:30,188.35000610351562,188.35000610351562,188.35000610351562,188.35000610351562,0.0,0.0,188.35000610351562,188.35000610351562,188.35000610351562,188.35000610351562,0.0,0.0,188.35000610351562,188.35000610351562,188.35000610351562,188.35000610351562,0.0,0.0
2025-07-29 12:35:00+05:30,188.50999450683594,188.77999877929688,188.5,188.5,2099.0,0.0,188.50999450683594,188.77999877929688,188.5,188.5,2099.0,0.0,188.50999450683594,188.77999877929688,188.5,188.5,2099.0,0.0
2025-07-29 12:36:00+05:30,188.57000732421875,188.57000732421875,188.16000366210938,188.19000244140625,2018.0,0.0,188.57000732421875,188.57000732421875,188.16000366210938,188.19000244140625,2018.0,0.0,188.57000732421875,188.57000732421875,188.16000366210938,188.19000244140625,2018.0,0.0
2025-07-29 12:38:00+05:30,188.41000366210938,188.41000366210938,188.41000366210938,188.41000366210938,126.0,0.0,188.41000366210938,188.41000366210938,188.41000366210938,188.41000366210938,126.0,0.0,188.41000366210938,188.41000366210938,188.41000366210938,188.41000366210938,126.0,0.0
2025-07-29 12:39:00+05:30,188.36000061035156,188.38999938964844,188.36000061035156,188.38999938964844,37.0,0.0,188.36000061035156,188.38999938964844,188.36000061035156,188.38999938964844,37.0,0.0,188.36000061035156,188.38999938964844,188.36000061035156,188.38999938964844,37.0,0.0
2025-07-29 12:40:00+05:30,188.1300048828125,188.1300048828125,188.1300048828125,188.1300048828125,482.0,0.0,188.1300048828125,188.1300048828125,188.1300048828125,188.1300048828125,482.0,0.0,188.1300048828125,188.1300048828125,188.1300048828125,188.1300048828125,482.0,0.0
2025-07-29 12:42:00+05:30,187.89999389648438,187.89999389648438,187.89999389648438,187.89999389648438,191.0,0.0,187.89999389648438,187.89999389648438,187.89999389648438,187.89999389648438,191.0,0.0,187.89999389648438,187.89999389648438,187.89999389648438,187.89999389648438,191.0,0.0
2025-07-29 12:43:00+05:30,187.8000030517578,188.1199951171875,187.7899932861328,188.1199951171875,707.0,0.0,187.8000030517578,188.1199951171875,187.7899932861328,188.1199951171875,707.0,0.0,187.8000030517578,188.1199951171875,187.7899932861328,188.1199951171875,707.0,0.0
2025-07-29 12:46:00+05:30,187.97000122070312,188.1999969482422,187.97000122070312,188.1999969482422,608.0,0.0,187.97000122070312,188.1999969482422,187.97000122070312,188.1999969482422,608.0,0.0,187.97000122070312,188.1999969482422,187.97000122070312,188.1999969482422,608.0,0.0
2025-07-29 12:47:00+05:30,188.17999267578125,188.17999267578125,188.17999267578125,188.17999267578125,2.0,0.0,188.17999267578125,188.17999267578125,188.17999267578125,188.17999267578125,2.0,0.0,188.17999267578125,188.17999267578125,188.17999267578125,188.17999267578125,2.0,0.0
2025-07-29 12:48:00+05:30,188.1999969482422,188.1999969482422,188.1999969482422,188.1999969482422,15.0,0.0,188.1999969482422,188.1999969482422,188.1999969482422,188.1999969482422,15.0,0.0,188.1999969482422,188.1999969482422,188.1999969482422,188.1999969482422,15.0,0.0
2025-07-29 12:49:00+05:30,188.1300048828125,188.1300048828125,188.1300048828125,188.1300048828125,116.0,0.0,188.1300048828125,188.1300048828125,188.1300048828125,188.1300048828125,116.0,0.0,188.1300048828125,188.1300048828125,188.1300048828125,188.1300048828125,116.0,0.0
2025-07-29 12:50:00+05:30,188.17999267578125,188.17999267578125,187.80999755859375,187.80999755859375,1500.0,0.0,188.17999267578125,188.17999267578125,187.80999755859375,187.80999755859375,1500.0,0.0,188.17999267578125,188.17999267578125,187.80999755859375,187.80999755859375,1500.0,0.0
2025-07-29 12:52:00+05:30,188.08999633789062,188.08999633789062,188.08999633789062,188.08999633789062,161.0,0.0,188.08999633789062,188.08999633789062,188.08999633789062,188.08999633789062,161.0,0.0,188.08999633789062,188.08999633789062,188.08999633789062,188.08999633789062,161.0,0.0
2025-07-29 12:53:00+05:30,188.07000732421875,188.07000732421875,188.07000732421875,188.07000732421875,72.0,0.0,188.07000732421875,188.07000732421875,188.07000732421875,188.07000732421875,72.0,0.0,188.07000732421875,188.07000732421875,188.07000732421875,188.07000732421875,72.0,0.0
2025-07-29 12:55:00+05:30,188.07000732421875,188.07000732421875,188.07000732421875,188.07000732421875,77.0,0.0,188.07000732421875,188.07000732421875,188.07000732421875,188.07000732421875,77.0,0.0,188.07000732421875,188.07000732421875,188.07000732421875,188.07000732421875,77.0,0.0
2025-07-29 12:56:00+05:30,188.02999877929688,188.02999877929688,187.9499969482422,187.9499969482422,628.0,0.0,188.02999877929688,188.02999877929688,187.9499969482422,187.9499969482422,628.0,0.0,188.02999877929688,188.02999877929688,187.9499969482422,187.9499969482422,628.0,0.0
2025-07-29 12:57:00+05:30,188.1699981689453,188.1699981689453,188.1699981689453,188.1699981689453,126.0,0.0,188.1699981689453,188.1699981689453,188.1699981689453,188.1699981689453,126.0,0.0,188.1699981689453,188.1699981689453,188.1699981689453,188.1699981689453,126.0,0.0
2025-07-29 12:58:00+05:30,188.14999389648438,188.14999389648438,188.14999389648438,188.14999389648438,0.0,0.0,188.14999389648438,188.14999389648438,188.14999389648438,188.14999389648438,0.0,0.0,188.14999389648438,188.14999389648438,188.14999389648438,188.14999389648438,0.0,0.0
2025-07-29 12:59:00+05:30,188.14999389648438,188.14999389648438,187.7899932861328,187.7899932861328,200.0,0.0,188.14999389648438,188.14999389648438,187.7899932861328,187.7899932861328,200.0,0.0,188.14999389648438,188.14999389648438,187.7899932861328,187.7899932861328,200.0,0.0
2025-07-29 13:00:00+05:30,187.77999877929688,187.77999877929688,187.77999877929688,187.77999877929688,4.0,0.0,187.77999877929688,187.77999877929688,187.77999877929688,187.77999877929688,4.0,0.0,187.77999877929688,187.77999877929688,187.77999877929688,187.77999877929688,4.0,0.0
2025-07-29 13:01:00+05:30,187.99000549316406,187.99000549316406,187.97000122070312,187.97000122070312,180.0,0.0,187.99000549316406,187.99000549316406,187.97000122070312,187.97000122070312,180.0,0.0,187.99000549316406,187.99000549316406,187.97000122070312,187.97000122070312,180.0,0.0
2025-07-29 13:02:00+05:30,187.77999877929688,187.77999877929688,187.75,187.75,310.0,0.0,187.77999877929688,187.77999877929688,187.75,187.75,310.0,0.0,187.77999877929688,187.77999877929688,187.75,187.75,310.0,0.0
2025-07-29 13:03:00+05:30,187.9600067138672,187.9600067138672,187.9600067138672,187.9600067138672,14.0,0.0,187.9600067138672,187.9600067138672,187.9600067138672,187.9600067138672,14.0,0.0,187.9600067138672,187.9600067138672,187.9600067138672,187.9600067138672,14.0,0.0
2025-07-29 13:04:00+05:30,187.9499969482422,187.99000549316406,187.66000366210938,187.66000366210938,1071.0,0.0,187.9499969482422,187.99000549316406,187.66000366210938,187.66000366210938,1071.0,0.0,187.9499969482422,187.99000549316406,187.66000366210938,187.66000366210938,1071.0,0.0
2025-07-29 13:05:00+05:30,187.9499969482422,187.9499969482422,187.72000122070312,187.72000122070312,52.0,0.0,187.9499969482422,187.9499969482422,187.72000122070312,187.72000122070312,52.0,0.0,187.9499969482422,187.9499969482422,187.72000122070312,187.72000122070312,52.0,0.0
2025-07-29 13:07:00+05:30,187.9499969482422,187.9499969482422,187.72000122070312,187.72000122070312,232.0,0.0,187.9499969482422,187.9499969482422,187.72000122070312,187.72000122070312,232.0,0.0,187.9499969482422,187.9499969482422,187.72000122070312,187.72000122070312,232.0,0.0
2025-07-29 13:08:00+05:30,188.1999969482422,189.0,188.1999969482422,189.0,6941.0,1.0,188.1999969482422,189.0,188.1999969482422,189.0,6941.0,1.0,188.1999969482422,189.0,188.1999969482422,189.0,6941.0,1.0
2025-07-29 13:09:00+05:30,188.8300018310547,188.8300018310547,188.8300018310547,188.8300018310547,0.0,0.0,188.8300018310547,188.8300018310547,188.8300018310547,188.8300018310547,0.0,0.0,188.8300018310547,188.8300018310547,188.8300018310547,188.8300018310547,0.0,0.0
2025-07-29 13:10:00+05:30,189.0,189.6999969482422,189.0,189.6999969482422,2447.0,0.0,189.0,189.6999969482422,189.0,189.6999969482422,2447.0,0.0,189.0,189.6999969482422,189.0,189.6999969482422,2447.0,0.0
2025-07-29 13:11:00+05:30,189.67999267578125,190.0,189.67999267578125,189.92999267578125,34438.0,0.0,189.67999267578125,190.0,189.67999267578125,189.92999267578125,34438.0,0.0,189.67999267578125,190.0,189.67999267578125,189.92999267578125,34438.0,0.0
2025-07-29 13:12:00+05:30,189.8800048828125,189.8800048828125,189.13999938964844,189.13999938964844,1429.0,0.0,189.8800048828125,189.8800048828125,189.13999938964844,189.13999938964844,1429.0,0.0,189.8800048828125,189.8800048828125,189.13999938964844,189.13999938964844,1429.0,0.0
2025-07-29 13:13:00+05:30,189.36000061035156,189.36000061035156,189.36000061035156,189.36000061035156,8.0,0.0,189.36000061035156,189.36000061035156,189.36000061035156,189.36000061035156,8.0,0.0,189.36000061035156,189.36000061035156,189.36000061035156,189.36000061035156,8.0,0.0
2025-07-29 13:14:00+05:30,189.1300048828125,189.1300048828125,189.1199951171875,189.1199951171875,204.0,0.0,189.1300048828125,189.1300048828125,189.1199951171875,189.1199951171875,204.0,0.0,189.1300048828125,189.1300048828125,189.1199951171875,189.1199951171875,204.0,0.0
2025-07-29 13:15:00+05:30,189.39999389648438,189.39999389648438,189.39999389648438,189.39999389648438,397.0,0.0,189.39999389648438,189.39999389648438,189.39999389648438,189.39999389648438,397.0,0.0,189.39999389648438,189.39999389648438,189.39999389648438,189.39999389648438,397.0,0.0
2025-07-29 13:17:00+05:30,189.4499969482422,189.52999877929688,189.36000061035156,189.36000061035156,513.0,0.0,189.4499969482422,189.52999877929688,189.36000061035156,189.36000061035156,513.0,0.0,189.4499969482422,189.52999877929688,189.36000061035156,189.36000061035156,513.0,0.0
2025-07-29 13:18:00+05:30,189.27999877929688,189.27999877929688,189.27999877929688,189.27999877929688,399.0,0.0,189.27999877929688,189.27999877929688,189.27999877929688,189.27999877929688,399.0,0.0,189.27999877929688,189.27999877929688,189.27999877929688,189.27999877929688,399.0,0.0
2025-07-29 13:19:00+05:30,189.35000610351562,189.35000610351562,189.35000610351562,189.35000610351562,0.0,0.0,189.35000610351562,189.35000610351562,189.35000610351562,189.35000610351562,0.0,0.0,189.35000610351562,189.35000610351562,189.35000610351562,189.35000610351562,0.0,0.0
2025-07-29 13:20:00+05:30,189.25999450683594,189.52999877929688,189.25999450683594,189.52999877929688,652.0,0.0,189.25999450683594,189.52999877929688,189.25999450683594,189.52999877929688,652.0,0.0,189.25999450683594,189.52999877929688,189.25999450683594,189.52999877929688,652.0,0.0
2025-07-29 13:21:00+05:30,189.52999877929688,189.52999877929688,189.2899932861328,189.2899932861328,128.0,0.0,189.52999877929688,189.52999877929688,189.2899932861328,189.2899932861328,128.0,0.0,189.52999877929688,189.52999877929688,189.2899932861328,189.2899932861328,128.0,0.0
2025-07-29 13:23:00+05:30,189.0800018310547,189.0800018310547,189.0800018310547,189.0800018310547,1321.0,0.0,189.0800018310547,189.0800018310547,189.0800018310547,189.0800018310547,1321.0,0.0,189.0800018310547,189.0800018310547,189.0800018310547,189.0800018310547,1321.0,0.0
2025-07-29 13:24:00+05:30,189.13999938964844,189.14999389648438,189.13999938964844,189.14999389648438,56.0,0.0,189.13999938964844,189.14999389648438,189.13999938964844,189.14999389648438,56.0,0.0,189.13999938964844,189.14999389648438,189.13999938964844,189.14999389648438,56.0,0.0
2025-07-29 13:25:00+05:30,189.44000244140625,189.44000244140625,189.44000244140625,189.44000244140625,432.0,0.0,189.44000244140625,189.44000244140625,189.44000244140625,189.44000244140625,432.0,0.0,189.44000244140625,189.44000244140625,189.44000244140625,189.44000244140625,432.0,0.0
2025-07-29 13:26:00+05:30,189.33999633789062,189.33999633789062,189.16000366210938,189.16000366210938,0.0,0.0,189.33999633789062,189.33999633789062,189.16000366210938,189.16000366210938,0.0,0.0,189.33999633789062,189.33999633789062,189.16000366210938,189.16000366210938,0.0,0.0
2025-07-29 13:29:00+05:30,189.32000732421875,189.32000732421875,189.32000732421875,189.32000732421875,55.0,0.0,189.32000732421875,189.32000732421875,189.32000732421875,189.32000732421875,55.0,0.0,189.32000732421875,189.32000732421875,189.32000732421875,189.32000732421875,55.0,0.0
2025-07-29 13:30:00+05:30,189.36000061035156,189.36000061035156,189.36000061035156,189.36000061035156,0.0,0.0,189.36000061035156,189.36000061035156,189.36000061035156,189.36000061035156,0.0,0.0,189.36000061035156,189.36000061035156,189.36000061035156,189.36000061035156,0.0,0.0
2025-07-29 13:31:00+05:30,189.1699981689453,189.52999877929688,189.16000366210938,189.52999877929688,1858.0,0.0,189.1699981689453,189.52999877929688,189.16000366210938,189.52999877929688,1858.0,0.0,189.1699981689453,189.52999877929688,189.16000366210938,189.52999877929688,1858.0,0.0
2025-07-29 13:32:00+05:30,189.8699951171875,189.97999572753906,189.8000030517578,189.8000030517578,431.0,0.0,189.8699951171875,189.97999572753906,189.8000030517578,189.8000030517578,431.0,0.0,189.8699951171875,189.97999572753906,189.8000030517578,189.8000030517578,431.0,0.0
2025-07-29 13:33:00+05:30,190.0,190.0,190.0,190.0,992.0,1.0,190.0,190.0,190.0,190.0,992.0,1.0,190.0,190.0,190.0,190.0,992.0,1.0
2025-07-29 13:34:00+05:30,190.1999969482422,190.5,189.7899932861328,189.85000610351562,1989.0,0.0,190.1999969482422,190.5,189.7899932861328,189.85000610351562,1989.0,0.0,190.1999969482422,190.5,189.7899932861328,189.85000610351562,1989.0,0.0
2025-07-29 13:37:00+05:30,189.4499969482422,189.4499969482422,189.4499969482422,189.4499969482422,1799.0,0.0,189.4499969482422,189.4499969482422,189.4499969482422,189.4499969482422,1799.0,0.0,189.4499969482422,189.4499969482422,189.4499969482422,189.4499969482422,1799.0,0.0
2025-07-29 13:38:00+05:30,189.1999969482422,189.39999389648438,189.0,189.39999389648438,3590.0,0.0,189.1999969482422,189.39999389648438,189.0,189.39999389648438,3590.0,0.0,189.1999969482422,189.39999389648438,189.0,189.39999389648438,3590.0,0.0
2025-07-29 13:40:00+05:30,189.44000244140625,189.44000244140625,189.44000244140625,189.44000244140625,0.0,0.0,189.44000244140625,189.44000244140625,189.44000244140625,189.44000244140625,0.0,0.0,189.44000244140625,189.44000244140625,189.44000244140625,189.44000244140625,0.0,0.0
2025-07-29 13:41:00+05:30,189.13999938964844,189.13999938964844,189.13999938964844,189.13999938964844,144.0,0.0,189.13999938964844,189.13999938964844,189.13999938964844,189.13999938964844,144.0,0.0,189.13999938964844,189.13999938964844,189.13999938964844,189.13999938964844,144.0,0.0
2025-07-29 13:42:00+05:30,189.10000610351562,189.10000610351562,189.10000610351562,189.10000610351562,185.0,0.0,189.10000610351562,189.10000610351562,189.10000610351562,189.10000610351562,185.0,0.0,189.10000610351562,189.10000610351562,189.10000610351562,189.10000610351562,185.0,0.0
2025-07-29 13:43:00+05:30,189.14999389648438,189.14999389648438,189.0,189.0,1307.0,0.0,189.14999389648438,189.14999389648438,189.0,189.0,1307.0,0.0,189.14999389648438,189.14999389648438,189.0,189.0,1307.0,0.0
2025-07-29 13:44:00+05:30,189.14999389648438,189.44000244140625,189.14999389648438,189.44000244140625,979.0,0.0,189.14999389648438,189.44000244140625,189.14999389648438,189.44000244140625,979.0,0.0,189.14999389648438,189.44000244140625,189.14999389648438,189.44000244140625,979.0,0.0
2025-07-29 13:45:00+05:30,189.3000030517578,189.3000030517578,189.19000244140625,189.19000244140625,62.0,0.0,189.3000030517578,189.3000030517578,189.19000244140625,189.19000244140625,62.0,0.0,189.3000030517578,189.3000030517578,189.19000244140625,189.19000244140625,62.0,0.0
2025-07-29 13:46:00+05:30,189.49000549316406,189.50999450683594,189.49000549316406,189.50999450683594,108.0,0.0,189.49000549316406,189.50999450683594,189.49000549316406,189.50999450683594,108.0,0.0,189.49000549316406,189.50999450683594,189.49000549316406,189.50999450683594,108.0,0.0
2025-07-29 13:47:00+05:30,189.72000122070312,189.72000122070312,189.47999572753906,189.47999572753906,2726.0,0.0,189.72000122070312,189.72000122070312,189.47999572753906,189.47999572753906,2726.0,0.0,189.72000122070312,189.72000122070312,189.47999572753906,189.47999572753906,2726.0,0.0
2025-07-29 13:49:00+05:30,189.25,189.25,189.25,189.25,0.0,0.0,189.25,189.25,189.25,189.25,0.0,0.0,189.25,189.25,189.25,189.25,0.0,0.0
2025-07-29 13:50:00+05:30,189.25,189.5,189.25,189.5,1907.0,0.0,189.25,189.5,189.25,189.5,1907.0,0.0,189.25,189.5,189.25,189.5,1907.0,0.0
2025-07-29 13:51:00+05:30,189.74000549316406,189.75999450683594,189.57000732421875,189.57000732421875,66.0,0.0,189.74000549316406,189.75999450683594,189.57000732421875,189.57000732421875,66.0,0.0,189.74000549316406,189.75999450683594,189.57000732421875,189.57000732421875,66.0,0.0
2025-07-29 13:52:00+05:30,189.5500030517578,189.5500030517578,189.5500030517578,189.5500030517578,50.0,0.0,189.5500030517578,189.5500030517578,189.5500030517578,189.5500030517578,50.0,0.0,189.5500030517578,189.5500030517578,189.5500030517578,189.5500030517578,50.0,0.0
2025-07-29 13:53:00+05:30,189.52000427246094,189.8800048828125,189.52000427246094,189.8800048828125,2752.0,1.0,189.52000427246094,189.8800048828125,189.52000427246094,189.8800048828125,2752.0,1.0,189.52000427246094,189.8800048828125,189.52000427246094,189.8800048828125,2752.0,1.0
2025-07-29 13:56:00+05:30,190.33999633789062,190.4199981689453,190.33999633789062,190.4199981689453,152.0,0.0,190.33999633789062,190.4199981689453,190.33999633789062,190.4199981689453,152.0,0.0,190.33999633789062,190.4199981689453,190.33999633789062,190.4199981689453,152.0,0.0
2025-07-29 13:57:00+05:30,190.5,190.5,190.0,190.0,2506.0,0.0,190.5,190.5,190.0,190.0,2506.0,0.0,190.5,190.5,190.0,190.0,2506.0,0.0
2025-07-29 13:58:00+05:30,190.49000549316406,190.49000549316406,190.22000122070312,190.22000122070312,946.0,0.0,190.49000549316406,190.49000549316406,190.22000122070312,190.22000122070312,946.0,0.0,190.49000549316406,190.49000549316406,190.22000122070312,190.22000122070312,946.0,0.0
2025-07-29 13:59:00+05:30,190.22000122070312,190.3000030517578,190.22000122070312,190.22999572753906,708.0,0.0,190.22000122070312,190.3000030517578,190.22000122070312,190.22999572753906,708.0,0.0,190.22000122070312,190.3000030517578,190.22000122070312,190.22999572753906,708.0,0.0
2025-07-29 14:00:00+05:30,189.9199981689453,189.9199981689453,189.9199981689453,189.9199981689453,545.0,0.0,189.9199981689453,189.9199981689453,189.9199981689453,189.9199981689453,545.0,0.0,189.9199981689453,189.9199981689453,189.9199981689453,189.9199981689453,545.0,0.0
2025-07-29 14:01:00+05:30,190.1699981689453,190.1699981689453,190.1699981689453,190.1699981689453,4.0,0.0,190.1699981689453,190.1699981689453,190.1699981689453,190.1699981689453,4.0,0.0,190.1699981689453,190.1699981689453,190.1699981689453,190.1699981689453,4.0,0.0
2025-07-29 14:02:00+05:30,189.9199981689453,190.22999572753906,189.9199981689453,190.22999572753906,332.0,0.0,189.9199981689453,190.22999572753906,189.9199981689453,190.22999572753906,332.0,0.0,189.9199981689453,190.22999572753906,189.9199981689453,190.22999572753906,332.0,0.0
2025-07-29 14:04:00+05:30,190.0500030517578,190.94000244140625,190.0500030517578,190.94000244140625,13344.0,0.0,190.0500030517578,190.94000244140625,190.0500030517578,190.94000244140625,13344.0,0.0,190.0500030517578,190.94000244140625,190.0500030517578,190.94000244140625,13344.0,0.0
2025-07-29 14:05:00+05:30,190.99000549316406,190.99000549316406,190.94000244140625,190.94000244140625,426.0,0.0,190.99000549316406,190.99000549316406,190.94000244140625,190.94000244140625,426.0,0.0,190.99000549316406,190.99000549316406,190.94000244140625,190.94000244140625,426.0,0.0
2025-07-29 14:06:00+05:30,190.88999938964844,191.11000061035156,190.88999938964844,191.11000061035156,393.0,0.0,190.88999938964844,191.11000061035156,190.88999938964844,191.11000061035156,393.0,0.0,190.88999938964844,191.11000061035156,190.88999938964844,191.11000061035156,393.0,0.0
2025-07-29 14:07:00+05:30,191.1699981689453,191.25,190.97000122070312,191.25,1017.0,0.0,191.1699981689453,191.25,190.97000122070312,191.25,1017.0,0.0,191.1699981689453,191.25,190.97000122070312,191.25,1017.0,0.0
2025-07-29 14:08:00+05:30,190.97000122070312,191.22999572753906,190.97000122070312,191.22999572753906,628.0,0.0,190.97000122070312,191.22999572753906,190.97000122070312,191.22999572753906,628.0,0.0,190.97000122070312,191.22999572753906,190.97000122070312,191.22999572753906,628.0,0.0
2025-07-29 14:09:00+05:30,190.55999755859375,190.75,190.55999755859375,190.75,998.0,0.0,190.55999755859375,190.75,190.55999755859375,190.75,998.0,0.0,190.55999755859375,190.75,190.55999755859375,190.75,998.0,0.0
2025-07-29 14:10:00+05:30,190.86000061035156,190.86000061035156,190.52000427246094,190.52000427246094,450.0,0.0,190.86000061035156,190.86000061035156,190.52000427246094,190.52000427246094,450.0,0.0,190.86000061035156,190.86000061035156,190.52000427246094,190.52000427246094,450.0,0.0
2025-07-29 14:11:00+05:30,190.6699981689453,190.72000122070312,190.49000549316406,190.72000122070312,1080.0,0.0,190.6699981689453,190.72000122070312,190.49000549316406,190.72000122070312,1080.0,0.0,190.6699981689453,190.72000122070312,190.49000549316406,190.72000122070312,1080.0,0.0
2025-07-29 14:12:00+05:30,190.86000061035156,190.86000061035156,190.52000427246094,190.6699981689453,500.0,0.0,190.86000061035156,190.86000061035156,190.52000427246094,190.6699981689453,500.0,0.0,190.86000061035156,190.86000061035156,190.52000427246094,190.6699981689453,500.0,0.0
2025-07-29 14:14:00+05:30,190.8300018310547,190.8300018310547,190.8300018310547,190.8300018310547,142.0,0.0,190.8300018310547,190.8300018310547,190.8300018310547,190.8300018310547,142.0,0.0,190.8300018310547,190.8300018310547,190.8300018310547,190.8300018310547,142.0,0.0
2025-07-29 14:15:00+05:30,190.66000366210938,190.8300018310547,190.66000366210938,190.8300018310547,148.0,0.0,190.66000366210938,190.8300018310547,190.66000366210938,190.8300018310547,148.0,0.0,190.66000366210938,190.8300018310547,190.66000366210938,190.8300018310547,148.0,0.0
2025-07-29 14:16:00+05:30,190.89999389648438,190.89999389648438,190.89999389648438,190.89999389648438,919.0,0.0,190.89999389648438,190.89999389648438,190.89999389648438,190.89999389648438,919.0,0.0,190.89999389648438,190.89999389648438,190.89999389648438,190.89999389648438,919.0,0.0
2025-07-29 14:18:00+05:30,191.0,191.3800048828125,191.0,191.05999755859375,1717.0,0.0,191.0,191.3800048828125,191.0,191.05999755859375,1717.0,0.0,191.0,191.3800048828125,191.0,191.05999755859375,1717.0,0.0
2025-07-29 14:19:00+05:30,191.33999633789062,191.5,191.33999633789062,191.5,757.0,1.0,191.33999633789062,191.5,191.33999633789062,191.5,757.0,1.0,191.33999633789062,191.5,191.33999633789062,191.5,757.0,1.0
2025-07-29 14:20:00+05:30,191.33999633789062,191.49000549316406,191.33999633789062,191.49000549316406,475.0,0.0,191.33999633789062,191.49000549316406,191.33999633789062,191.49000549316406,475.0,0.0,191.33999633789062,191.49000549316406,191.33999633789062,191.49000549316406,475.0,0.0
2025-07-29 14:21:00+05:30,191.0,191.0,190.8300018310547,190.8300018310547,540.0,0.0,191.0,191.0,190.8300018310547,190.8300018310547,540.0,0.0,191.0,191.0,190.8300018310547,190.8300018310547,540.0,0.0
2025-07-29 14:22:00+05:30,190.83999633789062,191.1199951171875,190.83999633789062,191.1199951171875,50.0,0.0,190.83999633789062,191.1199951171875,190.83999633789062,191.1199951171875,50.0,0.0,190.83999633789062,191.1199951171875,190.83999633789062,191.1199951171875,50.0,0.0
2025-07-29 14:24:00+05:30,191.0,191.0,191.0,191.0,53.0,0.0,191.0,191.0,191.0,191.0,53.0,0.0,191.0,191.0,191.0,191.0,53.0,0.0
2025-07-29 14:25:00+05:30,191.0,191.0,190.8300018310547,190.8300018310547,57.0,0.0,191.0,191.0,190.8300018310547,190.8300018310547,57.0,0.0,191.0,191.0,190.8300018310547,190.8300018310547,57.0,0.0
2025-07-29 14:26:00+05:30,190.8000030517578,191.25999450683594,190.8000030517578,191.25999450683594,2215.0,0.0,190.8000030517578,191.25999450683594,190.8000030517578,191.25999450683594,2215.0,0.0,190.8000030517578,191.25999450683594,190.8000030517578,191.25999450683594,2215.0,0.0
2025-07-29 14:27:00+05:30,191.30999755859375,191.30999755859375,191.30999755859375,191.30999755859375,72.0,0.0,191.30999755859375,191.30999755859375,191.30999755859375,191.30999755859375,72.0,0.0,191.30999755859375,191.30999755859375,191.30999755859375,191.30999755859375,72.0,0.0
2025-07-29 14:28:00+05:30,191.32000732421875,191.44000244140625,191.32000732421875,191.3300018310547,27.0,0.0,191.32000732421875,191.44000244140625,191.32000732421875,191.3300018310547,27.0,0.0,191.32000732421875,191.44000244140625,191.32000732421875,191.3300018310547,27.0,0.0
2025-07-29 14:29:00+05:30,191.32000732421875,191.4499969482422,191.30999755859375,191.30999755859375,396.0,0.0,191.32000732421875,191.4499969482422,191.30999755859375,191.30999755859375,396.0,0.0,191.32000732421875,191.4499969482422,191.30999755859375,191.30999755859375,396.0,0.0
2025-07-29 14:30:00+05:30,191.30999755859375,191.30999755859375,191.3000030517578,191.3000030517578,44.0,0.0,191.30999755859375,191.30999755859375,191.3000030517578,191.3000030517578,44.0,0.0,191.30999755859375,191.30999755859375,191.3000030517578,191.3000030517578,44.0,0.0
2025-07-29 14:33:00+05:30,191.1999969482422,191.1999969482422,191.00999450683594,191.00999450683594,14.0,0.0,191.1999969482422,191.1999969482422,191.00999450683594,191.00999450683594,14.0,0.0,191.1999969482422,191.1999969482422,191.00999450683594,191.00999450683594,14.0,0.0
2025-07-29 14:34:00+05:30,190.94000244140625,190.94000244140625,190.1699981689453,190.1699981689453,6291.0,0.0,190.94000244140625,190.94000244140625,190.1699981689453,190.1699981689453,6291.0,0.0,190.94000244140625,190.94000244140625,190.1699981689453,190.1699981689453,6291.0,0.0
2025-07-29 14:35:00+05:30,190.00999450683594,190.00999450683594,190.00999450683594,190.00999450683594,117.0,0.0,190.00999450683594,190.00999450683594,190.00999450683594,190.00999450683594,117.0,0.0,190.00999450683594,190.00999450683594,190.00999450683594,190.00999450683594,117.0,0.0
2025-07-29 14:36:00+05:30,190.02000427246094,190.02000427246094,189.88999938964844,189.88999938964844,461.0,0.0,190.02000427246094,190.02000427246094,189.88999938964844,189.88999938964844,461.0,0.0,190.02000427246094,190.02000427246094,189.88999938964844,189.88999938964844,461.0,0.0
2025-07-29 14:37:00+05:30,189.89999389648438,190.17999267578125,189.89999389648438,190.17999267578125,669.0,0.0,189.89999389648438,190.17999267578125,189.89999389648438,190.17999267578125,669.0,0.0,189.89999389648438,190.17999267578125,189.89999389648438,190.17999267578125,669.0,0.0
2025-07-29 14:38:00+05:30,190.2100067138672,190.42999267578125,190.2100067138672,190.2100067138672,199.0,0.0,190.2100067138672,190.42999267578125,190.2100067138672,190.2100067138672,199.0,0.0,190.2100067138672,190.42999267578125,190.2100067138672,190.2100067138672,199.0,0.0
2025-07-29 14:39:00+05:30,190.2100067138672,190.2100067138672,190.2100067138672,190.2100067138672,205.0,0.0,190.2100067138672,190.2100067138672,190.2100067138672,190.2100067138672,205.0,0.0,190.2100067138672,190.2100067138672,190.2100067138672,190.2100067138672,205.0,0.0
2025-07-29 14:40:00+05:30,190.2100067138672,190.2100067138672,190.2100067138672,190.2100067138672,1775.0,0.0,190.2100067138672,190.2100067138672,190.2100067138672,190.2100067138672,1775.0,0.0,190.2100067138672,190.2100067138672,190.2100067138672,190.2100067138672,1775.0,0.0
2025-07-29 14:41:00+05:30,190.38999938964844,190.38999938964844,190.1699981689453,190.25999450683594,3971.0,0.0,190.38999938964844,190.38999938964844,190.1699981689453,190.25999450683594,3971.0,0.0,190.38999938964844,190.38999938964844,190.1699981689453,190.25999450683594,3971.0,0.0
2025-07-29 14:42:00+05:30,190.25,190.32000732421875,190.25,190.32000732421875,666.0,0.0,190.25,190.32000732421875,190.25,190.32000732421875,666.0,0.0,190.25,190.32000732421875,190.25,190.32000732421875,666.0,0.0
2025-07-29 14:44:00+05:30,190.22999572753906,190.22999572753906,190.22999572753906,190.22999572753906,78.0,0.0,190.22999572753906,190.22999572753906,190.22999572753906,190.22999572753906,78.0,0.0,190.22999572753906,190.22999572753906,190.22999572753906,190.22999572753906,78.0,0.0
2025-07-29 14:45:00+05:30,190.6699981689453,190.92999267578125,190.6699981689453,190.92999267578125,1159.0,0.0,190.6699981689453,190.92999267578125,190.6699981689453,190.92999267578125,1159.0,0.0,190.6699981689453,190.92999267578125,190.6699981689453,190.92999267578125,1159.0,0.0
2025-07-29 14:46:00+05:30,190.69000244140625,190.69000244140625,190.67999267578125,190.67999267578125,39.0,1.0,190.69000244140625,190.69000244140625,190.67999267578125,190.67999267578125,39.0,1.0,190.69000244140625,190.69000244140625,190.67999267578125,190.67999267578125,39.0,1.0
2025-07-29 14:47:00+05:30,190.3000030517578,190.3000030517578,190.25999450683594,190.25999450683594,340.0,-1.0,190.3000030517578,190.3000030517578,190.25999450683594,190.25999450683594,340.0,-1.0,190.3000030517578,190.3000030517578,190.25999450683594,190.25999450683594,340.0,-1.0
2025-07-29 14:49:00+05:30,190.22999572753906,190.22999572753906,190.22999572753906,190.22999572753906,1837.0,0.0,190.22999572753906,190.22999572753906,190.22999572753906,190.22999572753906,1837.0,0.0,190.22999572753906,190.22999572753906,190.22999572753906,190.22999572753906,1837.0,0.0
2025-07-29 14:50:00+05:30,190.14999389648438,190.14999389648438,190.0800018310547,190.0800018310547,0.0,0.0,190.14999389648438,190.14999389648438,190.0800018310547,190.0800018310547,0.0,0.0,190.14999389648438,190.14999389648438,190.0800018310547,190.0800018310547,0.0,0.0
2025-07-29 14:51:00+05:30,190.0800018310547,190.44000244140625,190.0800018310547,190.44000244140625,765.0,0.0,190.0800018310547,190.44000244140625,190.0800018310547,190.44000244140625,765.0,0.0,190.0800018310547,190.44000244140625,190.0800018310547,190.44000244140625,765.0,0.0
2025-07-29 14:54:00+05:30,190.14999389648438,190.6999969482422,190.1199951171875,190.6999969482422,905.0,1.0,190.14999389648438,190.6999969482422,190.1199951171875,190.6999969482422,905.0,1.0,190.14999389648438,190.6999969482422,190.1199951171875,190.6999969482422,905.0,1.0
2025-07-29 14:55:00+05:30,190.6999969482422,190.86000061035156,190.67999267578125,190.67999267578125,222.0,0.0,190.6999969482422,190.86000061035156,190.67999267578125,190.67999267578125,222.0,0.0,190.6999969482422,190.86000061035156,190.67999267578125,190.67999267578125,222.0,0.0
2025-07-29 14:56:00+05:30,190.7100067138672,190.7100067138672,190.69000244140625,190.69000244140625,47.0,0.0,190.7100067138672,190.7100067138672,190.69000244140625,190.69000244140625,47.0,0.0,190.7100067138672,190.7100067138672,190.69000244140625,190.69000244140625,47.0,0.0
2025-07-29 14:57:00+05:30,190.63999938964844,190.63999938964844,190.44000244140625,190.44000244140625,1016.0,0.0,190.63999938964844,190.63999938964844,190.44000244140625,190.44000244140625,1016.0,0.0,190.63999938964844,190.63999938964844,190.44000244140625,190.44000244140625,1016.0,0.0
2025-07-29 14:58:00+05:30,190.38999938964844,190.41000366210938,190.3800048828125,190.41000366210938,603.0,0.0,190.38999938964844,190.41000366210938,190.3800048828125,190.41000366210938,603.0,0.0,190.38999938964844,190.41000366210938,190.3800048828125,190.41000366210938,603.0,0.0
2025-07-29 14:59:00+05:30,190.16000366210938,190.16000366210938,190.16000366210938,190.16000366210938,37.0,-1.0,190.16000366210938,190.16000366210938,190.16000366210938,190.16000366210938,37.0,-1.0,190.16000366210938,190.16000366210938,190.16000366210938,190.16000366210938,37.0,-1.0
2025-07-29 15:00:00+05:30,189.8800048828125,189.8800048828125,189.72000122070312,189.7899932861328,2497.0,0.0,189.8800048828125,189.8800048828125,189.72000122070312,189.7899932861328,2497.0,0.0,189.8800048828125,189.8800048828125,189.72000122070312,189.7899932861328,2497.0,0.0
2025-07-29 15:01:00+05:30,189.7899932861328,189.7899932861328,189.72000122070312,189.77000427246094,190.0,0.0,189.7899932861328,189.7899932861328,189.72000122070312,189.77000427246094,190.0,0.0,189.7899932861328,189.7899932861328,189.72000122070312,189.77000427246094,190.0,0.0
2025-07-29 15:02:00+05:30,189.74000549316406,189.7899932861328,189.74000549316406,189.7899932861328,523.0,0.0,189.74000549316406,189.7899932861328,189.74000549316406,189.7899932861328,523.0,0.0,189.74000549316406,189.7899932861328,189.74000549316406,189.7899932861328,523.0,0.0
2025-07-29 15:03:00+05:30,190.0,190.0,190.0,190.0,1321.0,0.0,190.0,190.0,190.0,190.0,1321.0,0.0,190.0,190.0,190.0,190.0,1321.0,0.0
2025-07-29 15:04:00+05:30,189.75,189.75,189.75,189.75,646.0,0.0,189.75,189.75,189.75,189.75,646.0,0.0,189.75,189.75,189.75,189.75,646.0,0.0
2025-07-29 15:05:00+05:30,189.92999267578125,189.92999267578125,189.74000549316406,189.74000549316406,13.0,0.0,189.92999267578125,189.92999267578125,189.74000549316406,189.74000549316406,13.0,0.0,189.92999267578125,189.92999267578125,189.74000549316406,189.74000549316406,13.0,0.0
2025-07-29 15:06:00+05:30,189.88999938964844,189.88999938964844,189.74000549316406,189.74000549316406,704.0,0.0,189.88999938964844,189.88999938964844,189.74000549316406,189.74000549316406,704.0,0.0,189.88999938964844,189.88999938964844,189.74000549316406,189.74000549316406,704.0,0.0
2025-07-29 15:07:00+05:30,189.6999969482422,189.6999969482422,189.32000732421875,189.5,1837.0,0.0,189.6999969482422,189.6999969482422,189.32000732421875,189.5,1837.0,0.0,189.6999969482422,189.6999969482422,189.32000732421875,189.5,1837.0,0.0
2025-07-29 15:08:00+05:30,189.5,189.5,189.5,189.5,97.0,0.0,189.5,189.5,189.5,189.5,97.0,0.0,189.5,189.5,189.5,189.5,97.0,0.0
2025-07-29 15:09:00+05:30,189.6300048828125,189.6300048828125,189.5399932861328,189.5399932861328,840.0,0.0,189.6300048828125,189.6300048828125,189.5399932861328,189.5399932861328,840.0,0.0,189.6300048828125,189.6300048828125,189.5399932861328,189.5399932861328,840.0,0.0
2025-07-29 15:10:00+05:30,189.5500030517578,189.5500030517578,189.50999450683594,189.50999450683594,1503.0,0.0,189.5500030517578,189.5500030517578,189.50999450683594,189.50999450683594,1503.0,0.0,189.5500030517578,189.5500030517578,189.50999450683594,189.50999450683594,1503.0,0.0
2025-07-29 15:11:00+05:30,189.5500030517578,189.74000549316406,189.5,189.5,613.0,0.0,189.5500030517578,189.74000549316406,189.5,189.5,613.0,0.0,189.5500030517578,189.74000549316406,189.5,189.5,613.0,0.0
2025-07-29 15:12:00+05:30,189.25,189.47000122070312,188.83999633789062,188.83999633789062,1041.0,0.0,189.25,189.47000122070312,188.83999633789062,188.83999633789062,1041.0,0.0,189.25,189.47000122070312,188.83999633789062,188.83999633789062,1041.0,0.0
2025-07-29 15:13:00+05:30,189.0800018310547,189.50999450683594,188.86000061035156,189.32000732421875,1489.0,0.0,189.0800018310547,189.50999450683594,188.86000061035156,189.32000732421875,1489.0,0.0,189.0800018310547,189.50999450683594,188.86000061035156,189.32000732421875,1489.0,0.0
2025-07-29 15:14:00+05:30,188.89999389648438,189.27999877929688,188.89999389648438,189.1699981689453,498.0,0.0,188.89999389648438,189.27999877929688,188.89999389648438,189.1699981689453,498.0,0.0,188.89999389648438,189.27999877929688,188.89999389648438,189.1699981689453,498.0,0.0
2025-07-29 15:15:00+05:30,189.17999267578125,189.27999877929688,189.17999267578125,189.27999877929688,766.0,0.0,189.17999267578125,189.27999877929688,189.17999267578125,189.27999877929688,766.0,0.0,189.17999267578125,189.27999877929688,189.17999267578125,189.27999877929688,766.0,0.0
2025-07-29 15:16:00+05:30,188.9600067138672,189.67999267578125,188.9600067138672,189.67999267578125,251.0,1.0,188.9600067138672,189.67999267578125,188.9600067138672,189.67999267578125,251.0,0.0,188.9600067138672,189.67999267578125,188.9600067138672,189.67999267578125,251.0,0.0
2025-07-29 15:17:00+05:30,189.67999267578125,189.67999267578125,189.30999755859375,189.30999755859375,389.0,0.0,189.67999267578125,189.67999267578125,189.30999755859375,189.30999755859375,389.0,0.0,189.67999267578125,189.67999267578125,189.30999755859375,189.30999755859375,389.0,0.0
2025-07-29 15:18:00+05:30,189.86000061035156,189.86000061035156,189.07000732421875,189.57000732421875,1944.0,0.0,189.86000061035156,189.86000061035156,189.07000732421875,189.57000732421875,1944.0,0.0,189.86000061035156,189.86000061035156,189.07000732421875,189.57000732421875,1944.0,0.0
2025-07-29 15:19:00+05:30,189.57000732421875,189.89999389648438,189.57000732421875,189.89999389648438,254.0,0.0,189.57000732421875,189.89999389648438,189.57000732421875,189.89999389648438,254.0,0.0,189.57000732421875,189.89999389648438,189.57000732421875,189.89999389648438,254.0,0.0
2025-07-29 15:20:00+05:30,189.1999969482422,189.86000061035156,189.1999969482422,189.1999969482422,1018.0,0.0,189.1999969482422,189.86000061035156,189.1999969482422,189.1999969482422,1018.0,0.0,189.1999969482422,189.86000061035156,189.1999969482422,189.1999969482422,1018.0,0.0
2025-07-29 15:21:00+05:30,189.5500030517578,189.77999877929688,189.39999389648438,189.39999389648438,881.0,0.0,189.5500030517578,189.77999877929688,189.39999389648438,189.39999389648438,881.0,0.0,189.5500030517578,189.77999877929688,189.39999389648438,189.39999389648438,881.0,0.0
2025-07-29 15:22:00+05:30,189.72000122070312,190.0,189.6999969482422,190.0,3288.0,0.0,189.72000122070312,190.0,189.6999969482422,190.0,3288.0,0.0,189.72000122070312,190.0,189.6999969482422,190.0,3288.0,0.0
2025-07-29 15:23:00+05:30,190.33999633789062,190.35000610351562,190.19000244140625,190.19000244140625,1358.0,0.0,190.33999633789062,190.35000610351562,190.19000244140625,190.19000244140625,1358.0,0.0,190.33999633789062,190.35000610351562,190.19000244140625,190.19000244140625,1358.0,0.0
2025-07-29 15:24:00+05:30,189.60000610351562,190.36000061035156,189.60000610351562,190.25,1395.0,0.0,189.60000610351562,190.36000061035156,189.60000610351562,190.25,1395.0,0.0,189.60000610351562,190.36000061035156,189.60000610351562,190.25,1395.0,0.0
2025-07-29 15:25:00+05:30,189.89999389648438,189.89999389648438,189.80999755859375,189.80999755859375,3089.0,0.0,189.89999389648438,189.89999389648438,189.80999755859375,189.80999755859375,3089.0,0.0,189.89999389648438,189.89999389648438,189.80999755859375,189.80999755859375,3089.0,0.0
2025-07-29 15:26:00+05:30,189.38999938964844,189.89999389648438,189.38999938964844,189.89999389648438,561.0,0.0,189.38999938964844,189.89999389648438,189.38999938964844,189.89999389648438,561.0,0.0,189.38999938964844,189.89999389648438,189.38999938964844,189.89999389648438,561.0,0.0
2025-07-29 15:27:00+05:30,189.89999389648438,189.89999389648438,189.57000732421875,189.57000732421875,957.0,0.0,189.89999389648438,189.89999389648438,189.57000732421875,189.57000732421875,957.0,0.0,189.89999389648438,189.89999389648438,189.57000732421875,189.57000732421875,957.0,0.0
2025-07-29 15:28:00+05:30,190.1300048828125,190.1300048828125,189.60000610351562,189.60000610351562,1823.0,0.0,190.1300048828125,190.1300048828125,189.60000610351562,189.60000610351562,1823.0,0.0,190.1300048828125,190.1300048828125,189.60000610351562,189.60000610351562,1823.0,0.0
2025-07-29 15:29:00+05:30,189.61000061035156,190.5,189.0,190.4499969482422,4034.0,0.0,189.61000061035156,190.5,189.0,190.4499969482422,4034.0,0.0,189.61000061035156,190.5,189.0,190.4499969482422,4034.0,0.0
2025-07-30 09:15:00+05:30,190.4499969482422,191.72999572753906,190.4499969482422,191.72999572753906,4038.0,0.0,190.4499969482422,191.72999572753906,190.4499969482422,191.72999572753906,4038.0,0.0,190.4499969482422,191.72999572753906,190.4499969482422,191.72999572753906,4038.0,0.0
2025-07-30 09:16:00+05:30,191.35000610351562,191.3699951171875,190.82000732421875,191.30999755859375,3469.0,0.0,191.35000610351562,191.3699951171875,190.82000732421875,191.30999755859375,3469.0,0.0,191.35000610351562,191.3699951171875,190.82000732421875,191.30999755859375,3469.0,0.0
2025-07-30 09:17:00+05:30,192.3800048828125,192.6999969482422,192.3800048828125,192.6999969482422,2449.0,0.0,192.3800048828125,192.6999969482422,192.3800048828125,192.6999969482422,2449.0,0.0,192.3800048828125,192.6999969482422,192.3800048828125,192.6999969482422,2449.0,0.0
2025-07-30 09:18:00+05:30,192.89999389648438,193.63999938964844,192.6999969482422,193.63999938964844,2438.0,0.0,192.89999389648438,193.63999938964844,192.6999969482422,193.63999938964844,2438.0,0.0,192.89999389648438,193.63999938964844,192.6999969482422,193.63999938964844,2438.0,0.0
2025-07-30 09:19:00+05:30,193.52000427246094,195.0,193.44000244140625,194.5500030517578,11234.0,0.0,193.52000427246094,195.0,193.44000244140625,194.5500030517578,11234.0,0.0,193.52000427246094,195.0,193.44000244140625,194.5500030517578,11234.0,0.0
2025-07-30 09:20:00+05:30,194.55999755859375,194.89999389648438,194.3699951171875,194.89999389648438,9044.0,0.0,194.55999755859375,194.89999389648438,194.3699951171875,194.89999389648438,9044.0,0.0,194.55999755859375,194.89999389648438,194.3699951171875,194.89999389648438,9044.0,0.0
2025-07-30 09:21:00+05:30,193.77999877929688,194.16000366210938,192.8699951171875,192.8699951171875,4047.0,0.0,193.77999877929688,194.16000366210938,192.8699951171875,192.8699951171875,4047.0,0.0,193.77999877929688,194.16000366210938,192.8699951171875,192.8699951171875,4047.0,0.0
2025-07-30 09:22:00+05:30,193.0,193.0,192.36000061035156,192.47999572753906,772.0,0.0,193.0,193.0,192.36000061035156,192.47999572753906,772.0,0.0,193.0,193.0,192.36000061035156,192.47999572753906,772.0,0.0
2025-07-30 09:23:00+05:30,192.67999267578125,192.83999633789062,192.30999755859375,192.30999755859375,2526.0,0.0,192.67999267578125,192.83999633789062,192.30999755859375,192.30999755859375,2526.0,0.0,192.67999267578125,192.83999633789062,192.30999755859375,192.30999755859375,2526.0,0.0
2025-07-30 09:24:00+05:30,192.30999755859375,193.08999633789062,192.30999755859375,193.08999633789062,1101.0,0.0,192.30999755859375,193.08999633789062,192.30999755859375,193.08999633789062,1101.0,0.0,192.30999755859375,193.08999633789062,192.30999755859375,193.08999633789062,1101.0,0.0
2025-07-30 09:25:00+05:30,193.52999877929688,193.77000427246094,193.14999389648438,193.77000427246094,472.0,0.0,193.52999877929688,193.77000427246094,193.14999389648438,193.77000427246094,472.0,0.0,193.52999877929688,193.77000427246094,193.14999389648438,193.77000427246094,472.0,0.0
2025-07-30 09:26:00+05:30,193.24000549316406,193.5,193.22999572753906,193.22999572753906,750.0,0.0,193.24000549316406,193.5,193.22999572753906,193.22999572753906,750.0,0.0,193.24000549316406,193.5,193.22999572753906,193.22999572753906,750.0,0.0
2025-07-30 09:27:00+05:30,193.0,193.17999267578125,193.0,193.17999267578125,405.0,0.0,193.0,193.17999267578125,193.0,193.17999267578125,405.0,0.0,193.0,193.17999267578125,193.0,193.17999267578125,405.0,0.0
2025-07-30 09:28:00+05:30,194.0,195.22999572753906,194.0,195.22999572753906,11109.0,0.0,194.0,195.22999572753906,194.0,195.22999572753906,11109.0,0.0,194.0,195.22999572753906,194.0,195.22999572753906,11109.0,0.0
2025-07-30 09:29:00+05:30,194.8000030517578,195.3000030517578,194.8000030517578,195.0500030517578,8311.0,0.0,194.8000030517578,195.3000030517578,194.8000030517578,195.0500030517578,8311.0,0.0,194.8000030517578,195.3000030517578,194.8000030517578,195.0500030517578,8311.0,0.0
2025-07-30 09:30:00+05:30,195.1300048828125,195.6999969482422,195.02000427246094,195.6999969482422,3640.0,0.0,195.1300048828125,195.6999969482422,195.02000427246094,195.6999969482422,3640.0,0.0,195.1300048828125,195.6999969482422,195.02000427246094,195.6999969482422,3640.0,0.0
2025-07-30 09:31:00+05:30,195.57000732421875,195.57000732421875,194.0800018310547,194.0800018310547,10644.0,0.0,195.57000732421875,195.57000732421875,194.0800018310547,194.0800018310547,10644.0,0.0,195.57000732421875,195.57000732421875,194.0800018310547,194.0800018310547,10644.0,0.0
2025-07-30 09:32:00+05:30,194.5399932861328,194.85000610351562,194.5399932861328,194.85000610351562,2177.0,0.0,194.5399932861328,194.85000610351562,194.5399932861328,194.85000610351562,2177.0,0.0,194.5399932861328,194.85000610351562,194.5399932861328,194.85000610351562,2177.0,0.0
2025-07-30 09:33:00+05:30,194.85000610351562,194.97999572753906,194.85000610351562,194.97999572753906,1979.0,0.0,194.85000610351562,194.97999572753906,194.85000610351562,194.97999572753906,1979.0,0.0,194.85000610351562,194.97999572753906,194.85000610351562,194.97999572753906,1979.0,0.0
2025-07-30 09:34:00+05:30,194.67999267578125,195.6999969482422,194.67999267578125,195.6999969482422,8935.0,0.0,194.67999267578125,195.6999969482422,194.67999267578125,195.6999969482422,8935.0,0.0,194.67999267578125,195.6999969482422,194.67999267578125,195.6999969482422,8935.0,0.0
2025-07-30 09:35:00+05:30,196.32000732421875,198.38999938964844,196.32000732421875,197.72999572753906,41847.0,0.0,196.32000732421875,198.38999938964844,196.32000732421875,197.72999572753906,41847.0,0.0,196.32000732421875,198.38999938964844,196.32000732421875,197.72999572753906,41847.0,0.0
2025-07-30 09:36:00+05:30,197.49000549316406,197.49000549316406,195.91000366210938,195.91000366210938,8998.0,0.0,197.49000549316406,197.49000549316406,195.91000366210938,195.91000366210938,8998.0,0.0,197.49000549316406,197.49000549316406,195.91000366210938,195.91000366210938,8998.0,0.0
2025-07-30 09:37:00+05:30,196.39999389648438,196.39999389648438,195.6300048828125,195.6300048828125,3042.0,0.0,196.39999389648438,196.39999389648438,195.6300048828125,195.6300048828125,3042.0,0.0,196.39999389648438,196.39999389648438,195.6300048828125,195.6300048828125,3042.0,0.0
2025-07-30 09:38:00+05:30,195.83999633789062,196.47999572753906,195.83999633789062,196.47999572753906,1052.0,0.0,195.83999633789062,196.47999572753906,195.83999633789062,196.47999572753906,1052.0,0.0,195.83999633789062,196.47999572753906,195.83999633789062,196.47999572753906,1052.0,0.0
2025-07-30 09:39:00+05:30,196.97999572753906,196.97999572753906,195.9199981689453,195.9199981689453,2802.0,0.0,196.97999572753906,196.97999572753906,195.9199981689453,195.9199981689453,2802.0,0.0,196.97999572753906,196.97999572753906,195.9199981689453,195.9199981689453,2802.0,0.0
2025-07-30 09:40:00+05:30,195.75,197.25,195.75,196.94000244140625,6123.0,0.0,195.75,197.25,195.75,196.94000244140625,6123.0,0.0,195.75,197.25,195.75,196.94000244140625,6123.0,0.0
2025-07-30 09:41:00+05:30,196.6999969482422,197.2100067138672,196.3300018310547,197.19000244140625,15492.0,0.0,196.6999969482422,197.2100067138672,196.3300018310547,197.19000244140625,15492.0,0.0,196.6999969482422,197.2100067138672,196.3300018310547,197.19000244140625,15492.0,0.0
2025-07-30 09:42:00+05:30,197.5,198.41000366210938,196.9499969482422,197.6999969482422,26672.0,0.0,197.5,198.41000366210938,196.9499969482422,197.6999969482422,26672.0,0.0,197.5,198.41000366210938,196.9499969482422,197.6999969482422,26672.0,0.0
2025-07-30 09:43:00+05:30,197.9600067138672,197.9600067138672,197.2899932861328,197.75999450683594,8970.0,0.0,197.9600067138672,197.9600067138672,197.2899932861328,197.75999450683594,8970.0,0.0,197.9600067138672,197.9600067138672,197.2899932861328,197.75999450683594,8970.0,0.0
2025-07-30 09:44:00+05:30,197.5,197.63999938964844,196.99000549316406,197.5800018310547,7404.0,0.0,197.5,197.63999938964844,196.99000549316406,197.5800018310547,7404.0,0.0,197.5,197.63999938964844,196.99000549316406,197.5800018310547,7404.0,0.0
2025-07-30 09:45:00+05:30,197.4199981689453,197.63999938964844,196.9499969482422,197.0,11270.0,0.0,197.4199981689453,197.63999938964844,196.9499969482422,197.0,11270.0,0.0,197.4199981689453,197.63999938964844,196.9499969482422,197.0,11270.0,0.0
2025-07-30 09:46:00+05:30,196.9199981689453,197.11000061035156,196.32000732421875,196.32000732421875,3367.0,0.0,196.9199981689453,197.11000061035156,196.32000732421875,196.32000732421875,3367.0,0.0,196.9199981689453,197.11000061035156,196.32000732421875,196.32000732421875,3367.0,0.0
2025-07-30 09:47:00+05:30,196.07000732421875,196.11000061035156,195.41000366210938,195.66000366210938,13010.0,0.0,196.07000732421875,196.11000061035156,195.41000366210938,195.66000366210938,13010.0,0.0,196.07000732421875,196.11000061035156,195.41000366210938,195.66000366210938,13010.0,0.0
2025-07-30 09:48:00+05:30,195.6199951171875,195.6199951171875,195.60000610351562,195.60000610351562,0.0,0.0,195.6199951171875,195.6199951171875,195.60000610351562,195.60000610351562,0.0,0.0,195.6199951171875,195.6199951171875,195.60000610351562,195.60000610351562,0.0,0.0
2025-07-30 09:49:00+05:30,195.3300018310547,195.60000610351562,195.3300018310547,195.60000610351562,1410.0,0.0,195.3300018310547,195.60000610351562,195.3300018310547,195.60000610351562,1410.0,0.0,195.3300018310547,195.60000610351562,195.3300018310547,195.60000610351562,1410.0,0.0
2025-07-30 09:50:00+05:30,195.60000610351562,195.75,195.5,195.5,1270.0,0.0,195.60000610351562,195.75,195.5,195.5,1270.0,0.0,195.60000610351562,195.75,195.5,195.5,1270.0,0.0
2025-07-30 09:51:00+05:30,195.72999572753906,195.72999572753906,195.27999877929688,195.27999877929688,1722.0,0.0,195.72999572753906,195.72999572753906,195.27999877929688,195.27999877929688,1722.0,0.0,195.72999572753906,195.72999572753906,195.27999877929688,195.27999877929688,1722.0,0.0
2025-07-30 09:52:00+05:30,195.50999450683594,195.50999450683594,195.47999572753906,195.47999572753906,553.0,0.0,195.50999450683594,195.50999450683594,195.47999572753906,195.47999572753906,553.0,0.0,195.50999450683594,195.50999450683594,195.47999572753906,195.47999572753906,553.0,0.0
2025-07-30 09:53:00+05:30,195.52000427246094,195.52000427246094,194.6999969482422,194.6999969482422,2770.0,0.0,195.52000427246094,195.52000427246094,194.6999969482422,194.6999969482422,2770.0,0.0,195.52000427246094,195.52000427246094,194.6999969482422,194.6999969482422,2770.0,0.0
2025-07-30 09:54:00+05:30,194.6999969482422,194.97999572753906,194.6999969482422,194.97999572753906,1399.0,0.0,194.6999969482422,194.97999572753906,194.6999969482422,194.97999572753906,1399.0,0.0,194.6999969482422,194.97999572753906,194.6999969482422,194.97999572753906,1399.0,0.0
2025-07-30 09:55:00+05:30,195.0,195.17999267578125,194.82000732421875,195.17999267578125,3473.0,0.0,195.0,195.17999267578125,194.82000732421875,195.17999267578125,3473.0,0.0,195.0,195.17999267578125,194.82000732421875,195.17999267578125,3473.0,0.0
2025-07-30 09:56:00+05:30,195.38999938964844,195.38999938964844,195.2899932861328,195.2899932861328,374.0,0.0,195.38999938964844,195.38999938964844,195.2899932861328,195.2899932861328,374.0,0.0,195.38999938964844,195.38999938964844,195.2899932861328,195.2899932861328,374.0,0.0
2025-07-30 09:57:00+05:30,194.91000366210938,195.2100067138672,194.91000366210938,195.2100067138672,2510.0,0.0,194.91000366210938,195.2100067138672,194.91000366210938,195.2100067138672,2510.0,0.0,194.91000366210938,195.2100067138672,194.91000366210938,195.2100067138672,2510.0,0.0
2025-07-30 09:58:00+05:30,195.2100067138672,195.2100067138672,194.89999389648438,195.2100067138672,518.0,0.0,195.2100067138672,195.2100067138672,194.89999389648438,195.2100067138672,518.0,0.0,195.2100067138672,195.2100067138672,194.89999389648438,195.2100067138672,518.0,0.0
2025-07-30 09:59:00+05:30,194.9600067138672,195.2100067138672,194.91000366210938,194.9199981689453,1241.0,0.0,194.9600067138672,195.2100067138672,194.91000366210938,194.9199981689453,1241.0,0.0,194.9600067138672,195.2100067138672,194.91000366210938,194.9199981689453,1241.0,0.0
2025-07-30 10:00:00+05:30,195.2100067138672,195.2100067138672,195.2100067138672,195.2100067138672,79.0,0.0,195.2100067138672,195.2100067138672,195.2100067138672,195.2100067138672,79.0,0.0,195.2100067138672,195.2100067138672,195.2100067138672,195.2100067138672,79.0,0.0
2025-07-30 10:01:00+05:30,195.2100067138672,195.2100067138672,195.0,195.0,716.0,0.0,195.2100067138672,195.2100067138672,195.0,195.0,716.0,0.0,195.2100067138672,195.2100067138672,195.0,195.0,716.0,0.0
2025-07-30 10:02:00+05:30,195.2100067138672,195.2100067138672,195.2100067138672,195.2100067138672,467.0,0.0,195.2100067138672,195.2100067138672,195.2100067138672,195.2100067138672,467.0,0.0,195.2100067138672,195.2100067138672,195.2100067138672,195.2100067138672,467.0,0.0
2025-07-30 10:03:00+05:30,195.25999450683594,195.25999450683594,195.25999450683594,195.25999450683594,1077.0,0.0,195.25999450683594,195.25999450683594,195.25999450683594,195.25999450683594,1077.0,0.0,195.25999450683594,195.25999450683594,195.25999450683594,195.25999450683594,1077.0,0.0
2025-07-30 10:04:00+05:30,195.25999450683594,195.25999450683594,194.9199981689453,194.9199981689453,2025.0,0.0,195.25999450683594,195.25999450683594,194.9199981689453,194.9199981689453,2025.0,0.0,195.25999450683594,195.25999450683594,194.9199981689453,194.9199981689453,2025.0,0.0
2025-07-30 10:05:00+05:30,194.72000122070312,194.9499969482422,194.72000122070312,194.75,758.0,0.0,194.72000122070312,194.9499969482422,194.72000122070312,194.75,758.0,0.0,194.72000122070312,194.9499969482422,194.72000122070312,194.75,758.0,0.0
2025-07-30 10:06:00+05:30,194.91000366210938,195.02999877929688,194.69000244140625,195.02999877929688,1644.0,0.0,194.91000366210938,195.02999877929688,194.69000244140625,195.02999877929688,1644.0,0.0,194.91000366210938,195.02999877929688,194.69000244140625,195.02999877929688,1644.0,0.0
2025-07-30 10:07:00+05:30,195.0,195.1999969482422,195.0,195.1999969482422,0.0,0.0,195.0,195.1999969482422,195.0,195.1999969482422,0.0,0.0,195.0,195.1999969482422,195.0,195.1999969482422,0.0,0.0
2025-07-30 10:08:00+05:30,195.1999969482422,195.1999969482422,194.92999267578125,194.92999267578125,699.0,0.0,195.1999969482422,195.1999969482422,194.92999267578125,194.92999267578125,699.0,0.0,195.1999969482422,195.1999969482422,194.92999267578125,194.92999267578125,699.0,0.0
2025-07-30 10:09:00+05:30,194.89999389648438,194.89999389648438,194.89999389648438,194.89999389648438,7.0,0.0,194.89999389648438,194.89999389648438,194.89999389648438,194.89999389648438,7.0,0.0,194.89999389648438,194.89999389648438,194.89999389648438,194.89999389648438,7.0,0.0
2025-07-30 10:10:00+05:30,194.89999389648438,194.89999389648438,194.89999389648438,194.89999389648438,9.0,0.0,194.89999389648438,194.89999389648438,194.89999389648438,194.89999389648438,9.0,0.0,194.89999389648438,194.89999389648438,194.89999389648438,194.89999389648438,9.0,0.0
2025-07-30 10:11:00+05:30,194.8800048828125,194.8800048828125,194.7899932861328,194.7899932861328,3.0,0.0,194.8800048828125,194.8800048828125,194.7899932861328,194.7899932861328,3.0,0.0,194.8800048828125,194.8800048828125,194.7899932861328,194.7899932861328,3.0,0.0
2025-07-30 10:13:00+05:30,194.75,194.75,194.6999969482422,194.75,339.0,0.0,194.75,194.75,194.6999969482422,194.75,339.0,0.0,194.75,194.75,194.6999969482422,194.75,339.0,0.0
2025-07-30 10:14:00+05:30,194.6999969482422,194.7100067138672,194.6999969482422,194.7100067138672,108.0,0.0,194.6999969482422,194.7100067138672,194.6999969482422,194.7100067138672,108.0,0.0,194.6999969482422,194.7100067138672,194.6999969482422,194.7100067138672,108.0,0.0
2025-07-30 10:15:00+05:30,194.7100067138672,195.1999969482422,194.7100067138672,194.74000549316406,6701.0,0.0,194.7100067138672,195.1999969482422,194.7100067138672,194.74000549316406,6701.0,0.0,194.7100067138672,195.1999969482422,194.7100067138672,194.74000549316406,6701.0,0.0
2025-07-30 10:16:00+05:30,194.74000549316406,194.74000549316406,194.74000549316406,194.74000549316406,90.0,0.0,194.74000549316406,194.74000549316406,194.74000549316406,194.74000549316406,90.0,0.0,194.74000549316406,194.74000549316406,194.74000549316406,194.74000549316406,90.0,0.0
2025-07-30 10:17:00+05:30,195.0399932861328,195.0500030517578,195.0399932861328,195.0500030517578,110.0,0.0,195.0399932861328,195.0500030517578,195.0399932861328,195.0500030517578,110.0,0.0,195.0399932861328,195.0500030517578,195.0399932861328,195.0500030517578,110.0,0.0
2025-07-30 10:18:00+05:30,195.0,195.0,195.0,195.0,1445.0,1.0,195.0,195.0,195.0,195.0,1445.0,0.0,195.0,195.0,195.0,195.0,1445.0,1.0
2025-07-30 10:19:00+05:30,194.77000427246094,194.77000427246094,194.77000427246094,194.77000427246094,0.0,-1.0,194.77000427246094,194.77000427246094,194.77000427246094,194.77000427246094,0.0,-1.0,194.77000427246094,194.77000427246094,194.77000427246094,194.77000427246094,0.0,-1.0
2025-07-30 10:20:00+05:30,195.0,195.0,195.0,195.0,0.0,1.0,195.0,195.0,195.0,195.0,0.0,1.0,195.0,195.0,195.0,195.0,0.0,1.0
2025-07-30 10:22:00+05:30,195.0,195.0,194.5,194.5,12672.0,-1.0,195.0,195.0,194.5,194.5,12672.0,-1.0,195.0,195.0,194.5,194.5,12672.0,-1.0
2025-07-30 10:23:00+05:30,194.3300018310547,194.3300018310547,194.3300018310547,194.3300018310547,50.0,0.0,194.3300018310547,194.3300018310547,194.3300018310547,194.3300018310547,50.0,0.0,194.3300018310547,194.3300018310547,194.3300018310547,194.3300018310547,50.0,0.0
2025-07-30 10:24:00+05:30,194.3699951171875,194.52000427246094,194.3699951171875,194.52000427246094,716.0,0.0,194.3699951171875,194.52000427246094,194.3699951171875,194.52000427246094,716.0,0.0,194.3699951171875,194.52000427246094,194.3699951171875,194.52000427246094,716.0,0.0
2025-07-30 10:25:00+05:30,194.19000244140625,194.19000244140625,194.1300048828125,194.1300048828125,1621.0,0.0,194.19000244140625,194.19000244140625,194.1300048828125,194.1300048828125,1621.0,0.0,194.19000244140625,194.19000244140625,194.1300048828125,194.1300048828125,1621.0,0.0
2025-07-30 10:27:00+05:30,194.13999938964844,194.13999938964844,194.13999938964844,194.13999938964844,0.0,0.0,194.13999938964844,194.13999938964844,194.13999938964844,194.13999938964844,0.0,0.0,194.13999938964844,194.13999938964844,194.13999938964844,194.13999938964844,0.0,0.0
2025-07-30 10:28:00+05:30,194.39999389648438,194.39999389648438,194.10000610351562,194.3699951171875,358.0,0.0,194.39999389648438,194.39999389648438,194.10000610351562,194.3699951171875,358.0,0.0,194.39999389648438,194.39999389648438,194.10000610351562,194.3699951171875,358.0,0.0
2025-07-30 10:29:00+05:30,194.16000366210938,194.6300048828125,194.16000366210938,194.6300048828125,896.0,0.0,194.16000366210938,194.6300048828125,194.16000366210938,194.6300048828125,896.0,0.0,194.16000366210938,194.6300048828125,194.16000366210938,194.6300048828125,896.0,0.0
2025-07-30 10:30:00+05:30,194.52000427246094,194.52000427246094,194.52000427246094,194.52000427246094,96.0,0.0,194.52000427246094,194.52000427246094,194.52000427246094,194.52000427246094,96.0,0.0,194.52000427246094,194.52000427246094,194.52000427246094,194.52000427246094,96.0,0.0
2025-07-30 10:31:00+05:30,194.5,194.63999938964844,194.5,194.63999938964844,1034.0,0.0,194.5,194.63999938964844,194.5,194.63999938964844,1034.0,0.0,194.5,194.63999938964844,194.5,194.63999938964844,1034.0,0.0
2025-07-30 10:32:00+05:30,194.80999755859375,195.10000610351562,194.80999755859375,195.10000610351562,2019.0,0.0,194.80999755859375,195.10000610351562,194.80999755859375,195.10000610351562,2019.0,0.0,194.80999755859375,195.10000610351562,194.80999755859375,195.10000610351562,2019.0,0.0
2025-07-30 10:33:00+05:30,195.10000610351562,195.10000610351562,195.10000610351562,195.10000610351562,181.0,0.0,195.10000610351562,195.10000610351562,195.10000610351562,195.10000610351562,181.0,0.0,195.10000610351562,195.10000610351562,195.10000610351562,195.10000610351562,181.0,0.0
2025-07-30 10:34:00+05:30,195.3000030517578,195.3000030517578,195.2899932861328,195.2899932861328,375.0,0.0,195.3000030517578,195.3000030517578,195.2899932861328,195.2899932861328,375.0,0.0,195.3000030517578,195.3000030517578,195.2899932861328,195.2899932861328,375.0,0.0
2025-07-30 10:35:00+05:30,195.3000030517578,195.5399932861328,195.3000030517578,195.5399932861328,320.0,0.0,195.3000030517578,195.5399932861328,195.3000030517578,195.5399932861328,320.0,0.0,195.3000030517578,195.5399932861328,195.3000030517578,195.5399932861328,320.0,0.0
2025-07-30 10:36:00+05:30,195.5399932861328,195.5399932861328,195.5399932861328,195.5399932861328,775.0,0.0,195.5399932861328,195.5399932861328,195.5399932861328,195.5399932861328,775.0,0.0,195.5399932861328,195.5399932861328,195.5399932861328,195.5399932861328,775.0,0.0
2025-07-30 10:37:00+05:30,195.75999450683594,196.07000732421875,195.75999450683594,196.07000732421875,1023.0,0.0,195.75999450683594,196.07000732421875,195.75999450683594,196.07000732421875,1023.0,0.0,195.75999450683594,196.07000732421875,195.75999450683594,196.07000732421875,1023.0,0.0
2025-07-30 10:38:00+05:30,195.88999938964844,196.2899932861328,195.88999938964844,196.25,11728.0,0.0,195.88999938964844,196.2899932861328,195.88999938964844,196.25,11728.0,0.0,195.88999938964844,196.2899932861328,195.88999938964844,196.25,11728.0,0.0
2025-07-30 10:39:00+05:30,196.1999969482422,196.1999969482422,195.9199981689453,195.9199981689453,2742.0,0.0,196.1999969482422,196.1999969482422,195.9199981689453,195.9199981689453,2742.0,0.0,196.1999969482422,196.1999969482422,195.9199981689453,195.9199981689453,2742.0,0.0
2025-07-30 10:40:00+05:30,195.88999938964844,196.55999755859375,195.5,196.55999755859375,8051.0,0.0,195.88999938964844,196.55999755859375,195.5,196.55999755859375,8051.0,0.0,195.88999938964844,196.55999755859375,195.5,196.55999755859375,8051.0,0.0
2025-07-30 10:41:00+05:30,196.6699981689453,196.9199981689453,196.5800018310547,196.67999267578125,1032.0,0.0,196.6699981689453,196.9199981689453,196.5800018310547,196.67999267578125,1032.0,0.0,196.6699981689453,196.9199981689453,196.5800018310547,196.67999267578125,1032.0,0.0
2025-07-30 10:42:00+05:30,196.67999267578125,196.85000610351562,196.64999389648438,196.64999389648438,603.0,0.0,196.67999267578125,196.85000610351562,196.64999389648438,196.64999389648438,603.0,0.0,196.67999267578125,196.85000610351562,196.64999389648438,196.64999389648438,603.0,0.0
2025-07-30 10:43:00+05:30,196.5500030517578,196.5500030517578,195.6199951171875,196.02000427246094,9427.0,0.0,196.5500030517578,196.5500030517578,195.6199951171875,196.02000427246094,9427.0,0.0,196.5500030517578,196.5500030517578,195.6199951171875,196.02000427246094,9427.0,0.0
2025-07-30 10:44:00+05:30,195.77000427246094,195.77000427246094,195.5500030517578,195.5500030517578,1016.0,0.0,195.77000427246094,195.77000427246094,195.5500030517578,195.5500030517578,1016.0,0.0,195.77000427246094,195.77000427246094,195.5500030517578,195.5500030517578,1016.0,0.0
2025-07-30 10:45:00+05:30,195.83999633789062,195.83999633789062,195.83999633789062,195.83999633789062,0.0,0.0,195.83999633789062,195.83999633789062,195.83999633789062,195.83999633789062,0.0,0.0,195.83999633789062,195.83999633789062,195.83999633789062,195.83999633789062,0.0,0.0
2025-07-30 10:46:00+05:30,195.58999633789062,195.7899932861328,195.5500030517578,195.5500030517578,796.0,-1.0,195.58999633789062,195.7899932861328,195.5500030517578,195.5500030517578,796.0,0.0,195.58999633789062,195.7899932861328,195.5500030517578,195.5500030517578,796.0,0.0
2025-07-30 10:47:00+05:30,195.5399932861328,195.83999633789062,195.52999877929688,195.83999633789062,1224.0,0.0,195.5399932861328,195.83999633789062,195.52999877929688,195.83999633789062,1224.0,0.0,195.5399932861328,195.83999633789062,195.52999877929688,195.83999633789062,1224.0,0.0
2025-07-30 10:48:00+05:30,195.8699951171875,195.8699951171875,195.75,195.75,313.0,0.0,195.8699951171875,195.8699951171875,195.75,195.75,313.0,0.0,195.8699951171875,195.8699951171875,195.75,195.75,313.0,0.0
2025-07-30 10:49:00+05:30,195.5399932861328,195.5399932861328,195.5399932861328,195.5399932861328,0.0,0.0,195.5399932861328,195.5399932861328,195.5399932861328,195.5399932861328,0.0,0.0,195.5399932861328,195.5399932861328,195.5399932861328,195.5399932861328,0.0,0.0
2025-07-30 10:50:00+05:30,195.75,195.75,195.75,195.75,430.0,0.0,195.75,195.75,195.75,195.75,430.0,0.0,195.75,195.75,195.75,195.75,430.0,0.0
2025-07-30 10:51:00+05:30,195.6199951171875,195.6199951171875,195.5,195.5,930.0,0.0,195.6199951171875,195.6199951171875,195.5,195.5,930.0,0.0,195.6199951171875,195.6199951171875,195.5,195.5,930.0,0.0
2025-07-30 10:52:00+05:30,195.5,195.5,195.5,195.5,292.0,0.0,195.5,195.5,195.5,195.5,292.0,0.0,195.5,195.5,195.5,195.5,292.0,0.0
2025-07-30 10:53:00+05:30,195.52999877929688,195.52999877929688,195.5,195.52000427246094,844.0,0.0,195.52999877929688,195.52999877929688,195.5,195.52000427246094,844.0,0.0,195.52999877929688,195.52999877929688,195.5,195.52000427246094,844.0,0.0
2025-07-30 10:54:00+05:30,195.52999877929688,195.52999877929688,195.52999877929688,195.52999877929688,29.0,0.0,195.52999877929688,195.52999877929688,195.52999877929688,195.52999877929688,29.0,0.0,195.52999877929688,195.52999877929688,195.52999877929688,195.52999877929688,29.0,0.0
2025-07-30 10:55:00+05:30,195.52000427246094,196.6300048828125,195.30999755859375,196.6300048828125,6458.0,0.0,195.52000427246094,196.6300048828125,195.30999755859375,196.6300048828125,6458.0,0.0,195.52000427246094,196.6300048828125,195.30999755859375,196.6300048828125,6458.0,0.0
2025-07-30 10:56:00+05:30,196.47000122070312,196.47000122070312,196.39999389648438,196.39999389648438,399.0,1.0,196.47000122070312,196.47000122070312,196.39999389648438,196.39999389648438,399.0,1.0,196.47000122070312,196.47000122070312,196.39999389648438,196.39999389648438,399.0,1.0
2025-07-30 10:57:00+05:30,196.39999389648438,196.39999389648438,196.1999969482422,196.1999969482422,260.0,0.0,196.39999389648438,196.39999389648438,196.1999969482422,196.1999969482422,260.0,0.0,196.39999389648438,196.39999389648438,196.1999969482422,196.1999969482422,260.0,0.0
2025-07-30 10:58:00+05:30,196.22000122070312,196.22000122070312,196.22000122070312,196.22000122070312,0.0,0.0,196.22000122070312,196.22000122070312,196.22000122070312,196.22000122070312,0.0,0.0,196.22000122070312,196.22000122070312,196.22000122070312,196.22000122070312,0.0,0.0
2025-07-30 10:59:00+05:30,196.44000244140625,196.44000244140625,196.41000366210938,196.41000366210938,547.0,0.0,196.44000244140625,196.44000244140625,196.41000366210938,196.41000366210938,547.0,0.0,196.44000244140625,196.44000244140625,196.41000366210938,196.41000366210938,547.0,0.0
2025-07-30 11:00:00+05:30,196.39999389648438,196.5,196.39999389648438,196.5,94.0,0.0,196.39999389648438,196.5,196.39999389648438,196.5,94.0,0.0,196.39999389648438,196.5,196.39999389648438,196.5,94.0,0.0
2025-07-30 11:01:00+05:30,196.5500030517578,196.5500030517578,196.39999389648438,196.39999389648438,896.0,0.0,196.5500030517578,196.5500030517578,196.39999389648438,196.39999389648438,896.0,0.0,196.5500030517578,196.5500030517578,196.39999389648438,196.39999389648438,896.0,0.0
2025-07-30 11:03:00+05:30,196.47000122070312,196.47000122070312,196.47000122070312,196.47000122070312,54.0,0.0,196.47000122070312,196.47000122070312,196.47000122070312,196.47000122070312,54.0,0.0,196.47000122070312,196.47000122070312,196.47000122070312,196.47000122070312,54.0,0.0
2025-07-30 11:04:00+05:30,196.3000030517578,196.3000030517578,196.3000030517578,196.3000030517578,37.0,0.0,196.3000030517578,196.3000030517578,196.3000030517578,196.3000030517578,37.0,0.0,196.3000030517578,196.3000030517578,196.3000030517578,196.3000030517578,37.0,0.0
2025-07-30 11:05:00+05:30,196.16000366210938,196.16000366210938,196.16000366210938,196.16000366210938,128.0,0.0,196.16000366210938,196.16000366210938,196.16000366210938,196.16000366210938,128.0,0.0,196.16000366210938,196.16000366210938,196.16000366210938,196.16000366210938,128.0,0.0
2025-07-30 11:06:00+05:30,196.10000610351562,196.16000366210938,195.92999267578125,195.92999267578125,3477.0,0.0,196.10000610351562,196.16000366210938,195.92999267578125,195.92999267578125,3477.0,0.0,196.10000610351562,196.16000366210938,195.92999267578125,195.92999267578125,3477.0,0.0
2025-07-30 11:08:00+05:30,195.92999267578125,195.92999267578125,195.92999267578125,195.92999267578125,10.0,0.0,195.92999267578125,195.92999267578125,195.92999267578125,195.92999267578125,10.0,0.0,195.92999267578125,195.92999267578125,195.92999267578125,195.92999267578125,10.0,0.0
2025-07-30 11:09:00+05:30,195.92999267578125,195.92999267578125,195.92999267578125,195.92999267578125,0.0,0.0,195.92999267578125,195.92999267578125,195.92999267578125,195.92999267578125,0.0,0.0,195.92999267578125,195.92999267578125,195.92999267578125,195.92999267578125,0.0,0.0
2025-07-30 11:10:00+05:30,195.86000061035156,195.86000061035156,195.86000061035156,195.86000061035156,410.0,0.0,195.86000061035156,195.86000061035156,195.86000061035156,195.86000061035156,410.0,0.0,195.86000061035156,195.86000061035156,195.86000061035156,195.86000061035156,410.0,0.0
2025-07-30 11:11:00+05:30,195.9199981689453,195.99000549316406,195.69000244140625,195.99000549316406,37.0,0.0,195.9199981689453,195.99000549316406,195.69000244140625,195.99000549316406,37.0,0.0,195.9199981689453,195.99000549316406,195.69000244140625,195.99000549316406,37.0,0.0
2025-07-30 11:13:00+05:30,195.97999572753906,195.97999572753906,195.6699981689453,195.6699981689453,849.0,0.0,195.97999572753906,195.97999572753906,195.6699981689453,195.6699981689453,849.0,0.0,195.97999572753906,195.97999572753906,195.6699981689453,195.6699981689453,849.0,0.0
2025-07-30 11:14:00+05:30,195.66000366210938,195.66000366210938,195.66000366210938,195.66000366210938,1477.0,0.0,195.66000366210938,195.66000366210938,195.66000366210938,195.66000366210938,1477.0,0.0,195.66000366210938,195.66000366210938,195.66000366210938,195.66000366210938,1477.0,0.0
2025-07-30 11:15:00+05:30,195.75,195.75,195.75,195.75,0.0,0.0,195.75,195.75,195.75,195.75,0.0,0.0,195.75,195.75,195.75,195.75,0.0,0.0
2025-07-30 11:16:00+05:30,195.9499969482422,195.9499969482422,195.75,195.75,146.0,0.0,195.9499969482422,195.9499969482422,195.75,195.75,146.0,0.0,195.9499969482422,195.9499969482422,195.75,195.75,146.0,0.0
2025-07-30 11:17:00+05:30,195.5800018310547,195.75,195.5800018310547,195.5800018310547,1965.0,0.0,195.5800018310547,195.75,195.5800018310547,195.5800018310547,1965.0,0.0,195.5800018310547,195.75,195.5800018310547,195.5800018310547,1965.0,0.0
2025-07-30 11:18:00+05:30,195.6199951171875,195.6199951171875,195.6199951171875,195.6199951171875,0.0,0.0,195.6199951171875,195.6199951171875,195.6199951171875,195.6199951171875,0.0,0.0,195.6199951171875,195.6199951171875,195.6199951171875,195.6199951171875,0.0,0.0
2025-07-30 11:21:00+05:30,195.83999633789062,195.83999633789062,195.83999633789062,195.83999633789062,337.0,0.0,195.83999633789062,195.83999633789062,195.83999633789062,195.83999633789062,337.0,0.0,195.83999633789062,195.83999633789062,195.83999633789062,195.83999633789062,337.0,0.0
2025-07-30 11:22:00+05:30,195.83999633789062,195.83999633789062,195.83999633789062,195.83999633789062,0.0,0.0,195.83999633789062,195.83999633789062,195.83999633789062,195.83999633789062,0.0,0.0,195.83999633789062,195.83999633789062,195.83999633789062,195.83999633789062,0.0,0.0
2025-07-30 11:23:00+05:30,195.6999969482422,195.6999969482422,195.6999969482422,195.6999969482422,30.0,0.0,195.6999969482422,195.6999969482422,195.6999969482422,195.6999969482422,30.0,0.0,195.6999969482422,195.6999969482422,195.6999969482422,195.6999969482422,30.0,0.0
2025-07-30 11:24:00+05:30,195.6999969482422,195.6999969482422,195.6999969482422,195.6999969482422,82.0,0.0,195.6999969482422,195.6999969482422,195.6999969482422,195.6999969482422,82.0,0.0,195.6999969482422,195.6999969482422,195.6999969482422,195.6999969482422,82.0,0.0
2025-07-30 11:25:00+05:30,195.91000366210938,195.91000366210938,195.91000366210938,195.91000366210938,70.0,0.0,195.91000366210938,195.91000366210938,195.91000366210938,195.91000366210938,70.0,0.0,195.91000366210938,195.91000366210938,195.91000366210938,195.91000366210938,70.0,0.0
2025-07-30 11:26:00+05:30,195.89999389648438,195.89999389648438,195.89999389648438,195.89999389648438,0.0,0.0,195.89999389648438,195.89999389648438,195.89999389648438,195.89999389648438,0.0,0.0,195.89999389648438,195.89999389648438,195.89999389648438,195.89999389648438,0.0,0.0
2025-07-30 11:27:00+05:30,195.6999969482422,196.39999389648438,195.6999969482422,196.39999389648438,7471.0,1.0,195.6999969482422,196.39999389648438,195.6999969482422,196.39999389648438,7471.0,1.0,195.6999969482422,196.39999389648438,195.6999969482422,196.39999389648438,7471.0,1.0
2025-07-30 11:28:00+05:30,196.39999389648438,196.39999389648438,196.39999389648438,196.39999389648438,84.0,0.0,196.39999389648438,196.39999389648438,196.39999389648438,196.39999389648438,84.0,0.0,196.39999389648438,196.39999389648438,196.39999389648438,196.39999389648438,84.0,0.0
2025-07-30 11:29:00+05:30,196.3000030517578,196.39999389648438,196.2899932861328,196.2899932861328,66.0,0.0,196.3000030517578,196.39999389648438,196.2899932861328,196.2899932861328,66.0,0.0,196.3000030517578,196.39999389648438,196.2899932861328,196.2899932861328,66.0,0.0
2025-07-30 11:31:00+05:30,196.3000030517578,196.3000030517578,196.3000030517578,196.3000030517578,0.0,0.0,196.3000030517578,196.3000030517578,196.3000030517578,196.3000030517578,0.0,0.0,196.3000030517578,196.3000030517578,196.3000030517578,196.3000030517578,0.0,0.0
2025-07-30 11:32:00+05:30,196.30999755859375,196.30999755859375,196.30999755859375,196.30999755859375,81.0,0.0,196.30999755859375,196.30999755859375,196.30999755859375,196.30999755859375,81.0,0.0,196.30999755859375,196.30999755859375,196.30999755859375,196.30999755859375,81.0,0.0
2025-07-30 11:33:00+05:30,196.30999755859375,196.30999755859375,196.25,196.25,188.0,0.0,196.30999755859375,196.30999755859375,196.25,196.25,188.0,0.0,196.30999755859375,196.30999755859375,196.25,196.25,188.0,0.0
2025-07-30 11:34:00+05:30,196.25,196.25,196.25,196.25,352.0,0.0,196.25,196.25,196.25,196.25,352.0,0.0,196.25,196.25,196.25,196.25,352.0,0.0
2025-07-30 11:36:00+05:30,196.25999450683594,196.39999389648438,196.25999450683594,196.39999389648438,28.0,0.0,196.25999450683594,196.39999389648438,196.25999450683594,196.39999389648438,28.0,0.0,196.25999450683594,196.39999389648438,196.25999450683594,196.39999389648438,28.0,0.0
2025-07-30 11:37:00+05:30,196.25,196.52999877929688,196.25,196.52999877929688,1243.0,0.0,196.25,196.52999877929688,196.25,196.52999877929688,1243.0,0.0,196.25,196.52999877929688,196.25,196.52999877929688,1243.0,0.0
2025-07-30 11:38:00+05:30,196.55999755859375,196.55999755859375,196.3800048828125,196.3800048828125,200.0,0.0,196.55999755859375,196.55999755859375,196.3800048828125,196.3800048828125,200.0,0.0,196.55999755859375,196.55999755859375,196.3800048828125,196.3800048828125,200.0,0.0
2025-07-30 11:39:00+05:30,196.3800048828125,196.3800048828125,196.25,196.25,487.0,0.0,196.3800048828125,196.3800048828125,196.25,196.25,487.0,0.0,196.3800048828125,196.3800048828125,196.25,196.25,487.0,0.0
2025-07-30 11:40:00+05:30,196.25,196.25,196.25,196.25,200.0,0.0,196.25,196.25,196.25,196.25,200.0,0.0,196.25,196.25,196.25,196.25,200.0,0.0
2025-07-30 11:41:00+05:30,196.0,196.0,196.0,196.0,87.0,-1.0,196.0,196.0,196.0,196.0,87.0,-1.0,196.0,196.0,196.0,196.0,87.0,-1.0
2025-07-30 11:42:00+05:30,195.99000549316406,195.99000549316406,195.99000549316406,195.99000549316406,159.0,0.0,195.99000549316406,195.99000549316406,195.99000549316406,195.99000549316406,159.0,0.0,195.99000549316406,195.99000549316406,195.99000549316406,195.99000549316406,159.0,0.0
2025-07-30 11:45:00+05:30,196.0,196.0,195.97999572753906,195.97999572753906,537.0,0.0,196.0,196.0,195.97999572753906,195.97999572753906,537.0,0.0,196.0,196.0,195.97999572753906,195.97999572753906,537.0,0.0
2025-07-30 11:46:00+05:30,195.97999572753906,195.97999572753906,195.97999572753906,195.97999572753906,160.0,0.0,195.97999572753906,195.97999572753906,195.97999572753906,195.97999572753906,160.0,0.0,195.97999572753906,195.97999572753906,195.97999572753906,195.97999572753906,160.0,0.0
2025-07-30 11:48:00+05:30,195.9600067138672,195.9600067138672,195.9600067138672,195.9600067138672,44.0,0.0,195.9600067138672,195.9600067138672,195.9600067138672,195.9600067138672,44.0,0.0,195.9600067138672,195.9600067138672,195.9600067138672,195.9600067138672,44.0,0.0
2025-07-30 11:51:00+05:30,195.94000244140625,195.94000244140625,195.94000244140625,195.94000244140625,75.0,0.0,195.94000244140625,195.94000244140625,195.94000244140625,195.94000244140625,75.0,0.0,195.94000244140625,195.94000244140625,195.94000244140625,195.94000244140625,75.0,0.0
2025-07-30 11:52:00+05:30,195.75,195.75,195.50999450683594,195.50999450683594,838.0,0.0,195.75,195.75,195.50999450683594,195.50999450683594,838.0,0.0,195.75,195.75,195.50999450683594,195.50999450683594,838.0,0.0
2025-07-30 11:53:00+05:30,195.50999450683594,195.50999450683594,195.50999450683594,195.50999450683594,0.0,0.0,195.50999450683594,195.50999450683594,195.50999450683594,195.50999450683594,0.0,0.0,195.50999450683594,195.50999450683594,195.50999450683594,195.50999450683594,0.0,0.0
2025-07-30 11:54:00+05:30,195.55999755859375,195.55999755859375,195.55999755859375,195.55999755859375,1047.0,0.0,195.55999755859375,195.55999755859375,195.55999755859375,195.55999755859375,1047.0,0.0,195.55999755859375,195.55999755859375,195.55999755859375,195.55999755859375,1047.0,0.0
2025-07-30 11:55:00+05:30,195.50999450683594,195.50999450683594,195.50999450683594,195.50999450683594,0.0,0.0,195.50999450683594,195.50999450683594,195.50999450683594,195.50999450683594,0.0,0.0,195.50999450683594,195.50999450683594,195.50999450683594,195.50999450683594,0.0,0.0
2025-07-30 11:57:00+05:30,195.67999267578125,195.67999267578125,195.67999267578125,195.67999267578125,6764.0,0.0,195.67999267578125,195.67999267578125,195.67999267578125,195.67999267578125,6764.0,0.0,195.67999267578125,195.67999267578125,195.67999267578125,195.67999267578125,6764.0,0.0
2025-07-30 11:58:00+05:30,195.67999267578125,195.67999267578125,195.67999267578125,195.67999267578125,229.0,0.0,195.67999267578125,195.67999267578125,195.67999267578125,195.67999267578125,229.0,0.0,195.67999267578125,195.67999267578125,195.67999267578125,195.67999267578125,229.0,0.0
2025-07-30 11:59:00+05:30,195.67999267578125,195.67999267578125,195.67999267578125,195.67999267578125,98.0,0.0,195.67999267578125,195.67999267578125,195.67999267578125,195.67999267578125,98.0,0.0,195.67999267578125,195.67999267578125,195.67999267578125,195.67999267578125,98.0,0.0
2025-07-30 12:00:00+05:30,195.39999389648438,195.39999389648438,195.08999633789062,195.16000366210938,659.0,0.0,195.39999389648438,195.39999389648438,195.08999633789062,195.16000366210938,659.0,0.0,195.39999389648438,195.39999389648438,195.08999633789062,195.16000366210938,659.0,0.0
2025-07-30 12:01:00+05:30,195.16000366210938,195.22999572753906,195.16000366210938,195.22999572753906,81.0,0.0,195.16000366210938,195.22999572753906,195.16000366210938,195.22999572753906,81.0,0.0,195.16000366210938,195.22999572753906,195.16000366210938,195.22999572753906,81.0,0.0
2025-07-30 12:02:00+05:30,195.47999572753906,195.57000732421875,195.47999572753906,195.57000732421875,527.0,0.0,195.47999572753906,195.57000732421875,195.47999572753906,195.57000732421875,527.0,0.0,195.47999572753906,195.57000732421875,195.47999572753906,195.57000732421875,527.0,0.0
2025-07-30 12:03:00+05:30,195.5399932861328,195.5399932861328,195.5399932861328,195.5399932861328,0.0,0.0,195.5399932861328,195.5399932861328,195.5399932861328,195.5399932861328,0.0,0.0,195.5399932861328,195.5399932861328,195.5399932861328,195.5399932861328,0.0,0.0
2025-07-30 12:04:00+05:30,195.5399932861328,195.5399932861328,195.5399932861328,195.5399932861328,1.0,0.0,195.5399932861328,195.5399932861328,195.5399932861328,195.5399932861328,1.0,0.0,195.5399932861328,195.5399932861328,195.5399932861328,195.5399932861328,1.0,0.0
2025-07-30 12:05:00+05:30,195.44000244140625,195.44000244140625,195.44000244140625,195.44000244140625,503.0,0.0,195.44000244140625,195.44000244140625,195.44000244140625,195.44000244140625,503.0,0.0,195.44000244140625,195.44000244140625,195.44000244140625,195.44000244140625,503.0,0.0
2025-07-30 12:06:00+05:30,195.11000061035156,195.14999389648438,195.11000061035156,195.14999389648438,163.0,0.0,195.11000061035156,195.14999389648438,195.11000061035156,195.14999389648438,163.0,0.0,195.11000061035156,195.14999389648438,195.11000061035156,195.14999389648438,163.0,0.0
2025-07-30 12:08:00+05:30,195.14999389648438,195.14999389648438,195.14999389648438,195.14999389648438,88.0,0.0,195.14999389648438,195.14999389648438,195.14999389648438,195.14999389648438,88.0,0.0,195.14999389648438,195.14999389648438,195.14999389648438,195.14999389648438,88.0,0.0
2025-07-30 12:09:00+05:30,195.10000610351562,195.10000610351562,195.10000610351562,195.10000610351562,476.0,0.0,195.10000610351562,195.10000610351562,195.10000610351562,195.10000610351562,476.0,0.0,195.10000610351562,195.10000610351562,195.10000610351562,195.10000610351562,476.0,0.0
2025-07-30 12:12:00+05:30,195.1999969482422,195.1999969482422,195.1999969482422,195.1999969482422,65.0,0.0,195.1999969482422,195.1999969482422,195.1999969482422,195.1999969482422,65.0,0.0,195.1999969482422,195.1999969482422,195.1999969482422,195.1999969482422,65.0,0.0
2025-07-30 12:13:00+05:30,195.14999389648438,195.14999389648438,195.14999389648438,195.14999389648438,887.0,0.0,195.14999389648438,195.14999389648438,195.14999389648438,195.14999389648438,887.0,0.0,195.14999389648438,195.14999389648438,195.14999389648438,195.14999389648438,887.0,0.0
2025-07-30 12:14:00+05:30,195.27999877929688,195.38999938964844,195.27999877929688,195.38999938964844,0.0,0.0,195.27999877929688,195.38999938964844,195.27999877929688,195.38999938964844,0.0,0.0,195.27999877929688,195.38999938964844,195.27999877929688,195.38999938964844,0.0,0.0
2025-07-30 12:15:00+05:30,195.19000244140625,195.19000244140625,195.1300048828125,195.1300048828125,550.0,0.0,195.19000244140625,195.19000244140625,195.1300048828125,195.1300048828125,550.0,0.0,195.19000244140625,195.19000244140625,195.1300048828125,195.1300048828125,550.0,0.0
2025-07-30 12:16:00+05:30,195.1300048828125,195.19000244140625,195.1300048828125,195.19000244140625,327.0,0.0,195.1300048828125,195.19000244140625,195.1300048828125,195.19000244140625,327.0,0.0,195.1300048828125,195.19000244140625,195.1300048828125,195.19000244140625,327.0,0.0
2025-07-30 12:19:00+05:30,195.19000244140625,195.19000244140625,195.19000244140625,195.19000244140625,77.0,0.0,195.19000244140625,195.19000244140625,195.19000244140625,195.19000244140625,77.0,0.0,195.19000244140625,195.19000244140625,195.19000244140625,195.19000244140625,77.0,0.0
2025-07-30 12:20:00+05:30,195.10000610351562,195.19000244140625,195.10000610351562,195.19000244140625,80.0,0.0,195.10000610351562,195.19000244140625,195.10000610351562,195.19000244140625,80.0,0.0,195.10000610351562,195.19000244140625,195.10000610351562,195.19000244140625,80.0,0.0
2025-07-30 12:21:00+05:30,195.19000244140625,195.19000244140625,195.10000610351562,195.10000610351562,95.0,0.0,195.19000244140625,195.19000244140625,195.10000610351562,195.10000610351562,95.0,0.0,195.19000244140625,195.19000244140625,195.10000610351562,195.10000610351562,95.0,0.0
2025-07-30 12:22:00+05:30,195.10000610351562,195.10000610351562,195.10000610351562,195.10000610351562,25.0,0.0,195.10000610351562,195.10000610351562,195.10000610351562,195.10000610351562,25.0,0.0,195.10000610351562,195.10000610351562,195.10000610351562,195.10000610351562,25.0,0.0
2025-07-30 12:24:00+05:30,195.10000610351562,195.10000610351562,194.22999572753906,194.22999572753906,2681.0,-1.0,195.10000610351562,195.10000610351562,194.22999572753906,194.22999572753906,2681.0,-1.0,195.10000610351562,195.10000610351562,194.22999572753906,194.22999572753906,2681.0,-1.0
2025-07-30 12:26:00+05:30,194.74000549316406,194.74000549316406,194.74000549316406,194.74000549316406,149.0,0.0,194.74000549316406,194.74000549316406,194.74000549316406,194.74000549316406,149.0,0.0,194.74000549316406,194.74000549316406,194.74000549316406,194.74000549316406,149.0,0.0
2025-07-30 12:28:00+05:30,194.74000549316406,194.74000549316406,194.74000549316406,194.74000549316406,133.0,0.0,194.74000549316406,194.74000549316406,194.74000549316406,194.74000549316406,133.0,0.0,194.74000549316406,194.74000549316406,194.74000549316406,194.74000549316406,133.0,0.0
2025-07-30 12:29:00+05:30,194.6999969482422,194.7899932861328,194.6999969482422,194.7899932861328,121.0,0.0,194.6999969482422,194.7899932861328,194.6999969482422,194.7899932861328,121.0,0.0,194.6999969482422,194.7899932861328,194.6999969482422,194.7899932861328,121.0,0.0
2025-07-30 12:30:00+05:30,194.7899932861328,194.7899932861328,194.7899932861328,194.7899932861328,80.0,0.0,194.7899932861328,194.7899932861328,194.7899932861328,194.7899932861328,80.0,0.0,194.7899932861328,194.7899932861328,194.7899932861328,194.7899932861328,80.0,0.0
2025-07-30 12:31:00+05:30,194.99000549316406,194.99000549316406,194.99000549316406,194.99000549316406,383.0,0.0,194.99000549316406,194.99000549316406,194.99000549316406,194.99000549316406,383.0,0.0,194.99000549316406,194.99000549316406,194.99000549316406,194.99000549316406,383.0,0.0
2025-07-30 12:32:00+05:30,194.99000549316406,194.99000549316406,194.77000427246094,194.77000427246094,38.0,0.0,194.99000549316406,194.99000549316406,194.77000427246094,194.77000427246094,38.0,0.0,194.99000549316406,194.99000549316406,194.77000427246094,194.77000427246094,38.0,0.0
2025-07-30 12:33:00+05:30,194.99000549316406,194.99000549316406,194.97999572753906,194.97999572753906,21.0,0.0,194.99000549316406,194.99000549316406,194.97999572753906,194.97999572753906,21.0,0.0,194.99000549316406,194.99000549316406,194.97999572753906,194.97999572753906,21.0,0.0
2025-07-30 12:34:00+05:30,194.97000122070312,194.97000122070312,194.6699981689453,194.7100067138672,299.0,0.0,194.97000122070312,194.97000122070312,194.6699981689453,194.7100067138672,299.0,0.0,194.97000122070312,194.97000122070312,194.6699981689453,194.7100067138672,299.0,0.0
2025-07-30 12:35:00+05:30,194.6699981689453,194.6699981689453,194.6699981689453,194.6699981689453,286.0,0.0,194.6699981689453,194.6699981689453,194.6699981689453,194.6699981689453,286.0,0.0,194.6699981689453,194.6699981689453,194.6699981689453,194.6699981689453,286.0,0.0
2025-07-30 12:36:00+05:30,194.6999969482422,194.6999969482422,194.55999755859375,194.55999755859375,6.0,0.0,194.6999969482422,194.6999969482422,194.55999755859375,194.55999755859375,6.0,0.0,194.6999969482422,194.6999969482422,194.55999755859375,194.55999755859375,6.0,0.0
2025-07-30 12:37:00+05:30,194.55999755859375,194.55999755859375,194.55999755859375,194.55999755859375,0.0,-1.0,194.55999755859375,194.55999755859375,194.55999755859375,194.55999755859375,0.0,-1.0,194.55999755859375,194.55999755859375,194.55999755859375,194.55999755859375,0.0,-1.0
2025-07-30 12:38:00+05:30,194.75999450683594,194.75999450683594,194.55999755859375,194.55999755859375,30.0,0.0,194.75999450683594,194.75999450683594,194.55999755859375,194.55999755859375,30.0,0.0,194.75999450683594,194.75999450683594,194.55999755859375,194.55999755859375,30.0,0.0
2025-07-30 12:41:00+05:30,194.77999877929688,194.77999877929688,194.77999877929688,194.77999877929688,281.0,0.0,194.77999877929688,194.77999877929688,194.77999877929688,194.77999877929688,281.0,0.0,194.77999877929688,194.77999877929688,194.77999877929688,194.77999877929688,281.0,0.0
2025-07-30 12:42:00+05:30,194.77999877929688,194.77999877929688,194.77999877929688,194.77999877929688,0.0,0.0,194.77999877929688,194.77999877929688,194.77999877929688,194.77999877929688,0.0,0.0,194.77999877929688,194.77999877929688,194.77999877929688,194.77999877929688,0.0,0.0
2025-07-30 12:44:00+05:30,194.9600067138672,194.9600067138672,194.77999877929688,194.77999877929688,106.0,0.0,194.9600067138672,194.9600067138672,194.77999877929688,194.77999877929688,106.0,0.0,194.9600067138672,194.9600067138672,194.77999877929688,194.77999877929688,106.0,0.0
2025-07-30 12:45:00+05:30,194.77999877929688,194.77999877929688,194.5500030517578,194.5500030517578,231.0,0.0,194.77999877929688,194.77999877929688,194.5500030517578,194.5500030517578,231.0,0.0,194.77999877929688,194.77999877929688,194.5500030517578,194.5500030517578,231.0,0.0
2025-07-30 12:46:00+05:30,194.5500030517578,194.5500030517578,194.47999572753906,194.47999572753906,1524.0,0.0,194.5500030517578,194.5500030517578,194.47999572753906,194.47999572753906,1524.0,0.0,194.5500030517578,194.5500030517578,194.47999572753906,194.47999572753906,1524.0,0.0
2025-07-30 12:47:00+05:30,194.6699981689453,194.6699981689453,194.47999572753906,194.47999572753906,265.0,0.0,194.6699981689453,194.6699981689453,194.47999572753906,194.47999572753906,265.0,0.0,194.6699981689453,194.6699981689453,194.47999572753906,194.47999572753906,265.0,0.0
2025-07-30 12:49:00+05:30,194.49000549316406,194.49000549316406,194.49000549316406,194.49000549316406,60.0,0.0,194.49000549316406,194.49000549316406,194.49000549316406,194.49000549316406,60.0,0.0,194.49000549316406,194.49000549316406,194.49000549316406,194.49000549316406,60.0,0.0
2025-07-30 12:50:00+05:30,194.47999572753906,194.6999969482422,194.47999572753906,194.6999969482422,0.0,0.0,194.47999572753906,194.6999969482422,194.47999572753906,194.6999969482422,0.0,0.0,194.47999572753906,194.6999969482422,194.47999572753906,194.6999969482422,0.0,0.0
2025-07-30 12:52:00+05:30,194.77999877929688,194.77999877929688,194.47000122070312,194.47000122070312,648.0,0.0,194.77999877929688,194.77999877929688,194.47000122070312,194.47000122070312,648.0,0.0,194.77999877929688,194.77999877929688,194.47000122070312,194.47000122070312,648.0,0.0
2025-07-30 12:53:00+05:30,194.69000244140625,194.69000244140625,194.69000244140625,194.69000244140625,120.0,0.0,194.69000244140625,194.69000244140625,194.69000244140625,194.69000244140625,120.0,0.0,194.69000244140625,194.69000244140625,194.69000244140625,194.69000244140625,120.0,0.0
2025-07-30 12:54:00+05:30,194.83999633789062,194.97000122070312,194.83999633789062,194.97000122070312,608.0,0.0,194.83999633789062,194.97000122070312,194.83999633789062,194.97000122070312,608.0,0.0,194.83999633789062,194.97000122070312,194.83999633789062,194.97000122070312,608.0,0.0
2025-07-30 12:55:00+05:30,194.97000122070312,194.97000122070312,194.97000122070312,194.97000122070312,50.0,0.0,194.97000122070312,194.97000122070312,194.97000122070312,194.97000122070312,50.0,0.0,194.97000122070312,194.97000122070312,194.97000122070312,194.97000122070312,50.0,0.0
2025-07-30 12:58:00+05:30,194.85000610351562,195.44000244140625,194.85000610351562,195.42999267578125,2992.0,0.0,194.85000610351562,195.44000244140625,194.85000610351562,195.42999267578125,2992.0,0.0,194.85000610351562,195.44000244140625,194.85000610351562,195.42999267578125,2992.0,0.0
2025-07-30 12:59:00+05:30,195.2899932861328,195.2899932861328,195.2899932861328,195.2899932861328,1389.0,0.0,195.2899932861328,195.2899932861328,195.2899932861328,195.2899932861328,1389.0,0.0,195.2899932861328,195.2899932861328,195.2899932861328,195.2899932861328,1389.0,0.0
2025-07-30 13:00:00+05:30,195.36000061035156,195.8000030517578,195.30999755859375,195.63999938964844,1214.0,0.0,195.36000061035156,195.8000030517578,195.30999755859375,195.63999938964844,1214.0,0.0,195.36000061035156,195.8000030517578,195.30999755859375,195.63999938964844,1214.0,0.0
2025-07-30 13:01:00+05:30,195.58999633789062,195.58999633789062,195.58999633789062,195.58999633789062,62.0,0.0,195.58999633789062,195.58999633789062,195.58999633789062,195.58999633789062,62.0,0.0,195.58999633789062,195.58999633789062,195.58999633789062,195.58999633789062,62.0,0.0
2025-07-30 13:02:00+05:30,195.50999450683594,195.50999450683594,195.3300018310547,195.3300018310547,214.0,0.0,195.50999450683594,195.50999450683594,195.3300018310547,195.3300018310547,214.0,0.0,195.50999450683594,195.50999450683594,195.3300018310547,195.3300018310547,214.0,0.0
2025-07-30 13:03:00+05:30,195.27999877929688,195.6199951171875,195.27999877929688,195.6199951171875,80.0,0.0,195.27999877929688,195.6199951171875,195.27999877929688,195.6199951171875,80.0,0.0,195.27999877929688,195.6199951171875,195.27999877929688,195.6199951171875,80.0,0.0
2025-07-30 13:04:00+05:30,195.3800048828125,195.3800048828125,195.32000732421875,195.32000732421875,221.0,0.0,195.3800048828125,195.3800048828125,195.32000732421875,195.32000732421875,221.0,0.0,195.3800048828125,195.3800048828125,195.32000732421875,195.32000732421875,221.0,0.0
2025-07-30 13:05:00+05:30,195.10000610351562,195.10000610351562,194.9499969482422,194.9499969482422,1385.0,0.0,195.10000610351562,195.10000610351562,194.9499969482422,194.9499969482422,1385.0,0.0,195.10000610351562,195.10000610351562,194.9499969482422,194.9499969482422,1385.0,0.0
2025-07-30 13:06:00+05:30,195.07000732421875,195.07000732421875,195.07000732421875,195.07000732421875,535.0,0.0,195.07000732421875,195.07000732421875,195.07000732421875,195.07000732421875,535.0,0.0,195.07000732421875,195.07000732421875,195.07000732421875,195.07000732421875,535.0,0.0
2025-07-30 13:09:00+05:30,195.07000732421875,195.24000549316406,194.99000549316406,195.24000549316406,125.0,0.0,195.07000732421875,195.24000549316406,194.99000549316406,195.24000549316406,125.0,0.0,195.07000732421875,195.24000549316406,194.99000549316406,195.24000549316406,125.0,0.0
2025-07-30 13:11:00+05:30,195.24000549316406,195.24000549316406,195.24000549316406,195.24000549316406,54.0,0.0,195.24000549316406,195.24000549316406,195.24000549316406,195.24000549316406,54.0,0.0,195.24000549316406,195.24000549316406,195.24000549316406,195.24000549316406,54.0,0.0
2025-07-30 13:13:00+05:30,195.24000549316406,195.24000549316406,195.24000549316406,195.24000549316406,60.0,0.0,195.24000549316406,195.24000549316406,195.24000549316406,195.24000549316406,60.0,0.0,195.24000549316406,195.24000549316406,195.24000549316406,195.24000549316406,60.0,0.0
2025-07-30 13:15:00+05:30,195.25,195.25,194.97999572753906,194.97999572753906,482.0,-1.0,195.25,195.25,194.97999572753906,194.97999572753906,482.0,-1.0,195.25,195.25,194.97999572753906,194.97999572753906,482.0,-1.0
2025-07-30 13:16:00+05:30,194.6999969482422,194.6999969482422,194.5,194.5,524.0,0.0,194.6999969482422,194.6999969482422,194.5,194.5,524.0,0.0,194.6999969482422,194.6999969482422,194.5,194.5,524.0,0.0
2025-07-30 13:18:00+05:30,194.57000732421875,194.57000732421875,194.57000732421875,194.57000732421875,100.0,0.0,194.57000732421875,194.57000732421875,194.57000732421875,194.57000732421875,100.0,0.0,194.57000732421875,194.57000732421875,194.57000732421875,194.57000732421875,100.0,0.0
2025-07-30 13:21:00+05:30,194.58999633789062,194.58999633789062,194.58999633789062,194.58999633789062,42.0,0.0,194.58999633789062,194.58999633789062,194.58999633789062,194.58999633789062,42.0,0.0,194.58999633789062,194.58999633789062,194.58999633789062,194.58999633789062,42.0,0.0
2025-07-30 13:22:00+05:30,194.60000610351562,194.83999633789062,194.60000610351562,194.8300018310547,158.0,0.0,194.60000610351562,194.83999633789062,194.60000610351562,194.8300018310547,158.0,0.0,194.60000610351562,194.83999633789062,194.60000610351562,194.8300018310547,158.0,0.0
2025-07-30 13:24:00+05:30,194.85000610351562,194.85000610351562,194.6199951171875,194.6300048828125,235.0,0.0,194.85000610351562,194.85000610351562,194.6199951171875,194.6300048828125,235.0,0.0,194.85000610351562,194.85000610351562,194.6199951171875,194.6300048828125,235.0,0.0
2025-07-30 13:25:00+05:30,194.60000610351562,194.99000549316406,194.60000610351562,194.8000030517578,1435.0,0.0,194.60000610351562,194.99000549316406,194.60000610351562,194.8000030517578,1435.0,0.0,194.60000610351562,194.99000549316406,194.60000610351562,194.8000030517578,1435.0,0.0
2025-07-30 13:26:00+05:30,194.8000030517578,194.8000030517578,194.8000030517578,194.8000030517578,118.0,0.0,194.8000030517578,194.8000030517578,194.8000030517578,194.8000030517578,118.0,0.0,194.8000030517578,194.8000030517578,194.8000030517578,194.8000030517578,118.0,0.0
2025-07-30 13:29:00+05:30,194.8000030517578,194.8000030517578,194.8000030517578,194.8000030517578,170.0,0.0,194.8000030517578,194.8000030517578,194.8000030517578,194.8000030517578,170.0,0.0,194.8000030517578,194.8000030517578,194.8000030517578,194.8000030517578,170.0,0.0
2025-07-30 13:30:00+05:30,194.8000030517578,194.8000030517578,194.8000030517578,194.8000030517578,40.0,0.0,194.8000030517578,194.8000030517578,194.8000030517578,194.8000030517578,40.0,0.0,194.8000030517578,194.8000030517578,194.8000030517578,194.8000030517578,40.0,0.0
2025-07-30 13:31:00+05:30,194.8000030517578,194.8000030517578,194.8000030517578,194.8000030517578,0.0,0.0,194.8000030517578,194.8000030517578,194.8000030517578,194.8000030517578,0.0,0.0,194.8000030517578,194.8000030517578,194.8000030517578,194.8000030517578,0.0,0.0
2025-07-30 13:33:00+05:30,194.60000610351562,194.60000610351562,194.5,194.57000732421875,859.0,0.0,194.60000610351562,194.60000610351562,194.5,194.57000732421875,859.0,0.0,194.60000610351562,194.60000610351562,194.5,194.57000732421875,859.0,0.0
2025-07-30 13:35:00+05:30,194.66000366210938,194.77999877929688,194.66000366210938,194.77999877929688,302.0,0.0,194.66000366210938,194.77999877929688,194.66000366210938,194.77999877929688,302.0,0.0,194.66000366210938,194.77999877929688,194.66000366210938,194.77999877929688,302.0,0.0
2025-07-30 13:36:00+05:30,195.22000122070312,195.22000122070312,195.22000122070312,195.22000122070312,752.0,1.0,195.22000122070312,195.22000122070312,195.22000122070312,195.22000122070312,752.0,1.0,195.22000122070312,195.22000122070312,195.22000122070312,195.22000122070312,752.0,1.0
2025-07-30 13:37:00+05:30,195.30999755859375,195.30999755859375,195.30999755859375,195.30999755859375,62.0,0.0,195.30999755859375,195.30999755859375,195.30999755859375,195.30999755859375,62.0,0.0,195.30999755859375,195.30999755859375,195.30999755859375,195.30999755859375,62.0,0.0
2025-07-30 13:38:00+05:30,195.2899932861328,195.2899932861328,195.02999877929688,195.02999877929688,62.0,0.0,195.2899932861328,195.2899932861328,195.02999877929688,195.02999877929688,62.0,0.0,195.2899932861328,195.2899932861328,195.02999877929688,195.02999877929688,62.0,0.0
2025-07-30 13:39:00+05:30,195.07000732421875,195.07000732421875,195.07000732421875,195.07000732421875,74.0,0.0,195.07000732421875,195.07000732421875,195.07000732421875,195.07000732421875,74.0,0.0,195.07000732421875,195.07000732421875,195.07000732421875,195.07000732421875,74.0,0.0
2025-07-30 13:40:00+05:30,194.5,194.5,194.5,194.5,979.0,0.0,194.5,194.5,194.5,194.5,979.0,0.0,194.5,194.5,194.5,194.5,979.0,0.0
2025-07-30 13:41:00+05:30,194.57000732421875,194.6699981689453,194.57000732421875,194.6699981689453,201.0,-1.0,194.57000732421875,194.6699981689453,194.57000732421875,194.6699981689453,201.0,-1.0,194.57000732421875,194.6699981689453,194.57000732421875,194.6699981689453,201.0,-1.0
2025-07-30 13:43:00+05:30,194.39999389648438,194.39999389648438,194.25999450683594,194.25999450683594,162.0,0.0,194.39999389648438,194.39999389648438,194.25999450683594,194.25999450683594,162.0,0.0,194.39999389648438,194.39999389648438,194.25999450683594,194.25999450683594,162.0,0.0
2025-07-30 13:44:00+05:30,194.60000610351562,194.99000549316406,194.60000610351562,194.99000549316406,1577.0,0.0,194.60000610351562,194.99000549316406,194.60000610351562,194.99000549316406,1577.0,0.0,194.60000610351562,194.99000549316406,194.60000610351562,194.99000549316406,1577.0,0.0
2025-07-30 13:46:00+05:30,194.77000427246094,194.99000549316406,194.77000427246094,194.99000549316406,80.0,1.0,194.77000427246094,194.99000549316406,194.77000427246094,194.99000549316406,80.0,1.0,194.77000427246094,194.99000549316406,194.77000427246094,194.99000549316406,80.0,1.0
2025-07-30 13:47:00+05:30,194.74000549316406,194.74000549316406,194.74000549316406,194.74000549316406,52.0,-1.0,194.74000549316406,194.74000549316406,194.74000549316406,194.74000549316406,52.0,-1.0,194.74000549316406,194.74000549316406,194.74000549316406,194.74000549316406,52.0,-1.0
2025-07-30 13:48:00+05:30,194.8000030517578,195.0,194.8000030517578,195.0,184.0,1.0,194.8000030517578,195.0,194.8000030517578,195.0,184.0,1.0,194.8000030517578,195.0,194.8000030517578,195.0,184.0,1.0
2025-07-30 13:49:00+05:30,194.75999450683594,194.75999450683594,194.75999450683594,194.75999450683594,0.0,0.0,194.75999450683594,194.75999450683594,194.75999450683594,194.75999450683594,0.0,0.0,194.75999450683594,194.75999450683594,194.75999450683594,194.75999450683594,0.0,0.0
2025-07-30 13:50:00+05:30,194.75999450683594,195.0,194.75999450683594,194.80999755859375,1696.0,0.0,194.75999450683594,195.0,194.75999450683594,194.80999755859375,1696.0,0.0,194.75999450683594,195.0,194.75999450683594,194.80999755859375,1696.0,0.0
2025-07-30 13:52:00+05:30,195.1999969482422,195.1999969482422,195.1999969482422,195.1999969482422,3413.0,0.0,195.1999969482422,195.1999969482422,195.1999969482422,195.1999969482422,3413.0,0.0,195.1999969482422,195.1999969482422,195.1999969482422,195.1999969482422,3413.0,0.0
2025-07-30 13:53:00+05:30,195.27999877929688,195.27999877929688,195.27999877929688,195.27999877929688,44.0,0.0,195.27999877929688,195.27999877929688,195.27999877929688,195.27999877929688,44.0,0.0,195.27999877929688,195.27999877929688,195.27999877929688,195.27999877929688,44.0,0.0
2025-07-30 13:55:00+05:30,195.3000030517578,195.3300018310547,195.3000030517578,195.3300018310547,1108.0,0.0,195.3000030517578,195.3300018310547,195.3000030517578,195.3300018310547,1108.0,0.0,195.3000030517578,195.3300018310547,195.3000030517578,195.3300018310547,1108.0,0.0
2025-07-30 13:56:00+05:30,195.60000610351562,196.25,195.60000610351562,196.25,14072.0,0.0,195.60000610351562,196.25,195.60000610351562,196.25,14072.0,0.0,195.60000610351562,196.25,195.60000610351562,196.25,14072.0,0.0
2025-07-30 13:57:00+05:30,196.1999969482422,196.4499969482422,196.1999969482422,196.39999389648438,1071.0,0.0,196.1999969482422,196.4499969482422,196.1999969482422,196.39999389648438,1071.0,0.0,196.1999969482422,196.4499969482422,196.1999969482422,196.39999389648438,1071.0,0.0
2025-07-30 13:58:00+05:30,196.99000549316406,197.60000610351562,196.99000549316406,197.60000610351562,6422.0,0.0,196.99000549316406,197.60000610351562,196.99000549316406,197.60000610351562,6422.0,0.0,196.99000549316406,197.60000610351562,196.99000549316406,197.60000610351562,6422.0,0.0
2025-07-30 13:59:00+05:30,197.7899932861328,197.7899932861328,197.5,197.5,1383.0,0.0,197.7899932861328,197.7899932861328,197.5,197.5,1383.0,0.0,197.7899932861328,197.7899932861328,197.5,197.5,1383.0,0.0
2025-07-30 14:00:00+05:30,197.5,197.94000244140625,197.3300018310547,197.3300018310547,7937.0,0.0,197.5,197.94000244140625,197.3300018310547,197.3300018310547,7937.0,0.0,197.5,197.94000244140625,197.3300018310547,197.3300018310547,7937.0,0.0
2025-07-30 14:01:00+05:30,197.4199981689453,198.1999969482422,197.4199981689453,198.1999969482422,3823.0,0.0,197.4199981689453,198.1999969482422,197.4199981689453,198.1999969482422,3823.0,0.0,197.4199981689453,198.1999969482422,197.4199981689453,198.1999969482422,3823.0,0.0
2025-07-30 14:02:00+05:30,197.7899932861328,198.3699951171875,197.7899932861328,198.3699951171875,2576.0,0.0,197.7899932861328,198.3699951171875,197.7899932861328,198.3699951171875,2576.0,0.0,197.7899932861328,198.3699951171875,197.7899932861328,198.3699951171875,2576.0,0.0
2025-07-30 14:03:00+05:30,197.94000244140625,197.94000244140625,197.86000061035156,197.91000366210938,1476.0,0.0,197.94000244140625,197.94000244140625,197.86000061035156,197.91000366210938,1476.0,0.0,197.94000244140625,197.94000244140625,197.86000061035156,197.91000366210938,1476.0,0.0
2025-07-30 14:04:00+05:30,198.02000427246094,198.02000427246094,197.52999877929688,197.5800018310547,3400.0,0.0,198.02000427246094,198.02000427246094,197.52999877929688,197.5800018310547,3400.0,0.0,198.02000427246094,198.02000427246094,197.52999877929688,197.5800018310547,3400.0,0.0
2025-07-30 14:05:00+05:30,197.88999938964844,197.88999938964844,197.5,197.5399932861328,1808.0,0.0,197.88999938964844,197.88999938964844,197.5,197.5399932861328,1808.0,0.0,197.88999938964844,197.88999938964844,197.5,197.5399932861328,1808.0,0.0
2025-07-30 14:06:00+05:30,197.50999450683594,197.7100067138672,197.13999938964844,197.7100067138672,3505.0,0.0,197.50999450683594,197.7100067138672,197.13999938964844,197.7100067138672,3505.0,0.0,197.50999450683594,197.7100067138672,197.13999938964844,197.7100067138672,3505.0,0.0
2025-07-30 14:07:00+05:30,197.91000366210938,197.91000366210938,197.7100067138672,197.7100067138672,384.0,0.0,197.91000366210938,197.91000366210938,197.7100067138672,197.7100067138672,384.0,0.0,197.91000366210938,197.91000366210938,197.7100067138672,197.7100067138672,384.0,0.0
2025-07-30 14:08:00+05:30,197.8800048828125,200.61000061035156,197.66000366210938,200.25,41448.0,0.0,197.8800048828125,200.61000061035156,197.66000366210938,200.25,41448.0,0.0,197.8800048828125,200.61000061035156,197.66000366210938,200.25,41448.0,0.0
2025-07-30 14:09:00+05:30,199.6999969482422,201.33999633789062,199.6999969482422,201.33999633789062,9799.0,0.0,199.6999969482422,201.33999633789062,199.6999969482422,201.33999633789062,9799.0,0.0,199.6999969482422,201.33999633789062,199.6999969482422,201.33999633789062,9799.0,0.0
2025-07-30 14:10:00+05:30,201.0,201.02000427246094,200.30999755859375,200.77000427246094,6535.0,0.0,201.0,201.02000427246094,200.30999755859375,200.77000427246094,6535.0,0.0,201.0,201.02000427246094,200.30999755859375,200.77000427246094,6535.0,0.0
2025-07-30 14:11:00+05:30,200.1300048828125,200.50999450683594,199.77000427246094,200.0,9601.0,0.0,200.1300048828125,200.50999450683594,199.77000427246094,200.0,9601.0,0.0,200.1300048828125,200.50999450683594,199.77000427246094,200.0,9601.0,0.0
2025-07-30 14:12:00+05:30,199.97000122070312,199.97000122070312,199.47999572753906,199.77000427246094,2585.0,0.0,199.97000122070312,199.97000122070312,199.47999572753906,199.77000427246094,2585.0,0.0,199.97000122070312,199.97000122070312,199.47999572753906,199.77000427246094,2585.0,0.0
2025-07-30 14:13:00+05:30,199.44000244140625,199.77000427246094,198.9600067138672,198.9600067138672,2053.0,0.0,199.44000244140625,199.77000427246094,198.9600067138672,198.9600067138672,2053.0,0.0,199.44000244140625,199.77000427246094,198.9600067138672,198.9600067138672,2053.0,0.0
2025-07-30 14:14:00+05:30,199.00999450683594,199.5,199.00999450683594,199.25,1899.0,0.0,199.00999450683594,199.5,199.00999450683594,199.25,1899.0,0.0,199.00999450683594,199.5,199.00999450683594,199.25,1899.0,0.0
2025-07-30 14:15:00+05:30,199.2100067138672,199.25,198.99000549316406,198.99000549316406,1097.0,0.0,199.2100067138672,199.25,198.99000549316406,198.99000549316406,1097.0,0.0,199.2100067138672,199.25,198.99000549316406,198.99000549316406,1097.0,0.0
2025-07-30 14:16:00+05:30,200.61000061035156,200.61000061035156,200.0,200.0,15210.0,0.0,200.61000061035156,200.61000061035156,200.0,200.0,15210.0,0.0,200.61000061035156,200.61000061035156,200.0,200.0,15210.0,0.0
2025-07-30 14:17:00+05:30,199.72999572753906,200.0,199.5800018310547,200.0,2788.0,0.0,199.72999572753906,200.0,199.5800018310547,200.0,2788.0,0.0,199.72999572753906,200.0,199.5800018310547,200.0,2788.0,0.0
2025-07-30 14:18:00+05:30,199.64999389648438,199.9199981689453,199.60000610351562,199.7100067138672,955.0,0.0,199.64999389648438,199.9199981689453,199.60000610351562,199.7100067138672,955.0,0.0,199.64999389648438,199.9199981689453,199.60000610351562,199.7100067138672,955.0,0.0
2025-07-30 14:19:00+05:30,199.30999755859375,200.27999877929688,199.30999755859375,200.27999877929688,4103.0,0.0,199.30999755859375,200.27999877929688,199.30999755859375,200.27999877929688,4103.0,0.0,199.30999755859375,200.27999877929688,199.30999755859375,200.27999877929688,4103.0,0.0
2025-07-30 14:20:00+05:30,200.2899932861328,200.2899932861328,199.35000610351562,199.57000732421875,3050.0,0.0,200.2899932861328,200.2899932861328,199.35000610351562,199.57000732421875,3050.0,0.0,200.2899932861328,200.2899932861328,199.35000610351562,199.57000732421875,3050.0,0.0
2025-07-30 14:21:00+05:30,199.57000732421875,199.57000732421875,199.5399932861328,199.57000732421875,60.0,0.0,199.57000732421875,199.57000732421875,199.5399932861328,199.57000732421875,60.0,0.0,199.57000732421875,199.57000732421875,199.5399932861328,199.57000732421875,60.0,0.0
2025-07-30 14:22:00+05:30,199.2100067138672,199.39999389648438,199.2100067138672,199.39999389648438,878.0,0.0,199.2100067138672,199.39999389648438,199.2100067138672,199.39999389648438,878.0,0.0,199.2100067138672,199.39999389648438,199.2100067138672,199.39999389648438,878.0,0.0
2025-07-30 14:23:00+05:30,199.4199981689453,199.44000244140625,199.4199981689453,199.44000244140625,540.0,0.0,199.4199981689453,199.44000244140625,199.4199981689453,199.44000244140625,540.0,0.0,199.4199981689453,199.44000244140625,199.4199981689453,199.44000244140625,540.0,0.0
2025-07-30 14:24:00+05:30,199.1300048828125,199.36000061035156,199.1300048828125,199.36000061035156,288.0,0.0,199.1300048828125,199.36000061035156,199.1300048828125,199.36000061035156,288.0,0.0,199.1300048828125,199.36000061035156,199.1300048828125,199.36000061035156,288.0,0.0
2025-07-30 14:25:00+05:30,199.36000061035156,199.36000061035156,199.36000061035156,199.36000061035156,541.0,0.0,199.36000061035156,199.36000061035156,199.36000061035156,199.36000061035156,541.0,0.0,199.36000061035156,199.36000061035156,199.36000061035156,199.36000061035156,541.0,0.0
2025-07-30 14:26:00+05:30,199.14999389648438,199.14999389648438,199.0,199.0,998.0,0.0,199.14999389648438,199.14999389648438,199.0,199.0,998.0,0.0,199.14999389648438,199.14999389648438,199.0,199.0,998.0,0.0
2025-07-30 14:27:00+05:30,199.14999389648438,199.4199981689453,198.55999755859375,199.0500030517578,2917.0,0.0,199.14999389648438,199.4199981689453,198.55999755859375,199.0500030517578,2917.0,0.0,199.14999389648438,199.4199981689453,198.55999755859375,199.0500030517578,2917.0,0.0
2025-07-30 14:28:00+05:30,199.0500030517578,199.16000366210938,199.0500030517578,199.16000366210938,1658.0,0.0,199.0500030517578,199.16000366210938,199.0500030517578,199.16000366210938,1658.0,0.0,199.0500030517578,199.16000366210938,199.0500030517578,199.16000366210938,1658.0,0.0
2025-07-30 14:29:00+05:30,199.6300048828125,199.6300048828125,199.0500030517578,199.0500030517578,1023.0,0.0,199.6300048828125,199.6300048828125,199.0500030517578,199.0500030517578,1023.0,0.0,199.6300048828125,199.6300048828125,199.0500030517578,199.0500030517578,1023.0,0.0
2025-07-30 14:30:00+05:30,199.36000061035156,199.88999938964844,199.36000061035156,199.8300018310547,4965.0,0.0,199.36000061035156,199.88999938964844,199.36000061035156,199.8300018310547,4965.0,0.0,199.36000061035156,199.88999938964844,199.36000061035156,199.8300018310547,4965.0,0.0
2025-07-30 14:31:00+05:30,199.36000061035156,200.0,199.36000061035156,200.0,2434.0,0.0,199.36000061035156,200.0,199.36000061035156,200.0,2434.0,0.0,199.36000061035156,200.0,199.36000061035156,200.0,2434.0,0.0
2025-07-30 14:32:00+05:30,199.57000732421875,199.88999938964844,199.41000366210938,199.88999938964844,298.0,0.0,199.57000732421875,199.88999938964844,199.41000366210938,199.88999938964844,298.0,0.0,199.57000732421875,199.88999938964844,199.41000366210938,199.88999938964844,298.0,0.0
2025-07-30 14:33:00+05:30,199.8000030517578,199.8000030517578,199.2100067138672,199.2100067138672,1217.0,0.0,199.8000030517578,199.8000030517578,199.2100067138672,199.2100067138672,1217.0,0.0,199.8000030517578,199.8000030517578,199.2100067138672,199.2100067138672,1217.0,0.0
2025-07-30 14:34:00+05:30,199.2100067138672,199.2100067138672,199.2100067138672,199.2100067138672,195.0,0.0,199.2100067138672,199.2100067138672,199.2100067138672,199.2100067138672,195.0,0.0,199.2100067138672,199.2100067138672,199.2100067138672,199.2100067138672,195.0,0.0
2025-07-30 14:35:00+05:30,199.05999755859375,199.52999877929688,199.05999755859375,199.52999877929688,1232.0,0.0,199.05999755859375,199.52999877929688,199.05999755859375,199.52999877929688,1232.0,0.0,199.05999755859375,199.52999877929688,199.05999755859375,199.52999877929688,1232.0,0.0
2025-07-30 14:36:00+05:30,199.6999969482422,199.85000610351562,199.6999969482422,199.83999633789062,4793.0,0.0,199.6999969482422,199.85000610351562,199.6999969482422,199.83999633789062,4793.0,0.0,199.6999969482422,199.85000610351562,199.6999969482422,199.83999633789062,4793.0,0.0
2025-07-30 14:37:00+05:30,199.72999572753906,199.72999572753906,199.3800048828125,199.3800048828125,3908.0,0.0,199.72999572753906,199.72999572753906,199.3800048828125,199.3800048828125,3908.0,0.0,199.72999572753906,199.72999572753906,199.3800048828125,199.3800048828125,3908.0,0.0
2025-07-30 14:38:00+05:30,199.69000244140625,199.72999572753906,199.5,199.72999572753906,375.0,0.0,199.69000244140625,199.72999572753906,199.5,199.72999572753906,375.0,0.0,199.69000244140625,199.72999572753906,199.5,199.72999572753906,375.0,0.0
2025-07-30 14:39:00+05:30,199.55999755859375,199.55999755859375,199.52999877929688,199.52999877929688,2057.0,0.0,199.55999755859375,199.55999755859375,199.52999877929688,199.52999877929688,2057.0,0.0,199.55999755859375,199.55999755859375,199.52999877929688,199.52999877929688,2057.0,0.0
2025-07-30 14:40:00+05:30,199.72999572753906,199.72999572753906,199.72999572753906,199.72999572753906,0.0,0.0,199.72999572753906,199.72999572753906,199.72999572753906,199.72999572753906,0.0,0.0,199.72999572753906,199.72999572753906,199.72999572753906,199.72999572753906,0.0,0.0
2025-07-30 14:41:00+05:30,199.7100067138672,199.7100067138672,199.2899932861328,199.2899932861328,343.0,0.0,199.7100067138672,199.7100067138672,199.2899932861328,199.2899932861328,343.0,0.0,199.7100067138672,199.7100067138672,199.2899932861328,199.2899932861328,343.0,0.0
2025-07-30 14:42:00+05:30,199.2899932861328,199.2899932861328,199.2899932861328,199.2899932861328,2.0,0.0,199.2899932861328,199.2899932861328,199.2899932861328,199.2899932861328,2.0,0.0,199.2899932861328,199.2899932861328,199.2899932861328,199.2899932861328,2.0,0.0
2025-07-30 14:43:00+05:30,199.63999938964844,199.66000366210938,199.2100067138672,199.2100067138672,384.0,0.0,199.63999938964844,199.66000366210938,199.2100067138672,199.2100067138672,384.0,0.0,199.63999938964844,199.66000366210938,199.2100067138672,199.2100067138672,384.0,0.0
2025-07-30 14:44:00+05:30,199.49000549316406,201.0,199.49000549316406,201.0,11232.0,1.0,199.49000549316406,201.0,199.49000549316406,201.0,11232.0,1.0,199.49000549316406,201.0,199.49000549316406,201.0,11232.0,1.0
2025-07-30 14:45:00+05:30,200.97999572753906,200.97999572753906,200.39999389648438,200.39999389648438,3832.0,0.0,200.97999572753906,200.97999572753906,200.39999389648438,200.39999389648438,3832.0,0.0,200.97999572753906,200.97999572753906,200.39999389648438,200.39999389648438,3832.0,0.0
2025-07-30 14:46:00+05:30,200.39999389648438,200.39999389648438,200.08999633789062,200.1199951171875,698.0,0.0,200.39999389648438,200.39999389648438,200.08999633789062,200.1199951171875,698.0,0.0,200.39999389648438,200.39999389648438,200.08999633789062,200.1199951171875,698.0,0.0
2025-07-30 14:47:00+05:30,200.1199951171875,200.1199951171875,200.07000732421875,200.07000732421875,696.0,0.0,200.1199951171875,200.1199951171875,200.07000732421875,200.07000732421875,696.0,0.0,200.1199951171875,200.1199951171875,200.07000732421875,200.07000732421875,696.0,0.0
2025-07-30 14:48:00+05:30,200.0,200.0,199.69000244140625,199.88999938964844,267.0,0.0,200.0,200.0,199.69000244140625,199.88999938964844,267.0,0.0,200.0,200.0,199.69000244140625,199.88999938964844,267.0,0.0
2025-07-30 14:49:00+05:30,200.1999969482422,200.64999389648438,200.07000732421875,200.38999938964844,3189.0,0.0,200.1999969482422,200.64999389648438,200.07000732421875,200.38999938964844,3189.0,0.0,200.1999969482422,200.64999389648438,200.07000732421875,200.38999938964844,3189.0,0.0
2025-07-30 14:50:00+05:30,200.60000610351562,200.60000610351562,200.39999389648438,200.39999389648438,1251.0,0.0,200.60000610351562,200.60000610351562,200.39999389648438,200.39999389648438,1251.0,0.0,200.60000610351562,200.60000610351562,200.39999389648438,200.39999389648438,1251.0,0.0
2025-07-30 14:51:00+05:30,200.35000610351562,200.44000244140625,200.2899932861328,200.2899932861328,263.0,0.0,200.35000610351562,200.44000244140625,200.2899932861328,200.2899932861328,263.0,0.0,200.35000610351562,200.44000244140625,200.2899932861328,200.2899932861328,263.0,0.0
2025-07-30 14:52:00+05:30,200.4199981689453,200.4199981689453,200.27000427246094,200.27000427246094,298.0,0.0,200.4199981689453,200.4199981689453,200.27000427246094,200.27000427246094,298.0,0.0,200.4199981689453,200.4199981689453,200.27000427246094,200.27000427246094,298.0,0.0
2025-07-30 14:53:00+05:30,200.60000610351562,200.88999938964844,200.5500030517578,200.5500030517578,5840.0,0.0,200.60000610351562,200.88999938964844,200.5500030517578,200.5500030517578,5840.0,0.0,200.60000610351562,200.88999938964844,200.5500030517578,200.5500030517578,5840.0,0.0
2025-07-30 14:54:00+05:30,200.4199981689453,200.64999389648438,200.4199981689453,200.64999389648438,256.0,0.0,200.4199981689453,200.64999389648438,200.4199981689453,200.64999389648438,256.0,0.0,200.4199981689453,200.64999389648438,200.4199981689453,200.64999389648438,256.0,0.0
2025-07-30 14:55:00+05:30,200.3300018310547,200.60000610351562,200.3300018310547,200.60000610351562,119.0,0.0,200.3300018310547,200.60000610351562,200.3300018310547,200.60000610351562,119.0,0.0,200.3300018310547,200.60000610351562,200.3300018310547,200.60000610351562,119.0,0.0
2025-07-30 14:56:00+05:30,200.33999633789062,200.33999633789062,200.33999633789062,200.33999633789062,93.0,0.0,200.33999633789062,200.33999633789062,200.33999633789062,200.33999633789062,93.0,0.0,200.33999633789062,200.33999633789062,200.33999633789062,200.33999633789062,93.0,0.0
2025-07-30 14:57:00+05:30,200.27000427246094,200.5399932861328,200.27000427246094,200.30999755859375,469.0,0.0,200.27000427246094,200.5399932861328,200.27000427246094,200.30999755859375,469.0,0.0,200.27000427246094,200.5399932861328,200.27000427246094,200.30999755859375,469.0,0.0
2025-07-30 14:58:00+05:30,200.24000549316406,200.24000549316406,200.24000549316406,200.24000549316406,61.0,0.0,200.24000549316406,200.24000549316406,200.24000549316406,200.24000549316406,61.0,0.0,200.24000549316406,200.24000549316406,200.24000549316406,200.24000549316406,61.0,0.0
2025-07-30 14:59:00+05:30,200.24000549316406,200.24000549316406,200.00999450683594,200.00999450683594,1151.0,0.0,200.24000549316406,200.24000549316406,200.00999450683594,200.00999450683594,1151.0,0.0,200.24000549316406,200.24000549316406,200.00999450683594,200.00999450683594,1151.0,0.0
2025-07-30 15:00:00+05:30,200.27000427246094,200.91000366210938,200.27000427246094,200.91000366210938,2339.0,0.0,200.27000427246094,200.91000366210938,200.27000427246094,200.91000366210938,2339.0,0.0,200.27000427246094,200.91000366210938,200.27000427246094,200.91000366210938,2339.0,0.0
2025-07-30 15:01:00+05:30,200.63999938964844,200.63999938964844,200.63999938964844,200.63999938964844,329.0,0.0,200.63999938964844,200.63999938964844,200.63999938964844,200.63999938964844,329.0,0.0,200.63999938964844,200.63999938964844,200.63999938964844,200.63999938964844,329.0,0.0
2025-07-30 15:02:00+05:30,200.5500030517578,200.5500030517578,200.44000244140625,200.44000244140625,376.0,0.0,200.5500030517578,200.5500030517578,200.44000244140625,200.44000244140625,376.0,0.0,200.5500030517578,200.5500030517578,200.44000244140625,200.44000244140625,376.0,0.0
2025-07-30 15:03:00+05:30,200.5500030517578,200.5500030517578,200.5500030517578,200.5500030517578,203.0,0.0,200.5500030517578,200.5500030517578,200.5500030517578,200.5500030517578,203.0,0.0,200.5500030517578,200.5500030517578,200.5500030517578,200.5500030517578,203.0,0.0
2025-07-30 15:04:00+05:30,200.3699951171875,200.39999389648438,200.3300018310547,200.3300018310547,199.0,0.0,200.3699951171875,200.39999389648438,200.3300018310547,200.3300018310547,199.0,0.0,200.3699951171875,200.39999389648438,200.3300018310547,200.3300018310547,199.0,0.0
2025-07-30 15:05:00+05:30,200.8000030517578,200.97000122070312,200.42999267578125,200.42999267578125,3400.0,0.0,200.8000030517578,200.97000122070312,200.42999267578125,200.42999267578125,3400.0,0.0,200.8000030517578,200.97000122070312,200.42999267578125,200.42999267578125,3400.0,0.0
2025-07-30 15:06:00+05:30,200.11000061035156,200.11000061035156,200.0399932861328,200.0399932861328,296.0,0.0,200.11000061035156,200.11000061035156,200.0399932861328,200.0399932861328,296.0,0.0,200.11000061035156,200.11000061035156,200.0399932861328,200.0399932861328,296.0,0.0
2025-07-30 15:07:00+05:30,200.33999633789062,200.3699951171875,200.0,200.0399932861328,1031.0,0.0,200.33999633789062,200.3699951171875,200.0,200.0399932861328,1031.0,0.0,200.33999633789062,200.3699951171875,200.0,200.0399932861328,1031.0,0.0
2025-07-30 15:08:00+05:30,200.1300048828125,200.1300048828125,199.9600067138672,200.05999755859375,2530.0,0.0,200.1300048828125,200.1300048828125,199.9600067138672,200.05999755859375,2530.0,0.0,200.1300048828125,200.1300048828125,199.9600067138672,200.05999755859375,2530.0,0.0
2025-07-30 15:09:00+05:30,200.0399932861328,200.52999877929688,200.0399932861328,200.47000122070312,8665.0,0.0,200.0399932861328,200.52999877929688,200.0399932861328,200.47000122070312,8665.0,0.0,200.0399932861328,200.52999877929688,200.0399932861328,200.47000122070312,8665.0,0.0
2025-07-30 15:10:00+05:30,200.2899932861328,200.49000549316406,200.2899932861328,200.2899932861328,1341.0,0.0,200.2899932861328,200.49000549316406,200.2899932861328,200.2899932861328,1341.0,0.0,200.2899932861328,200.49000549316406,200.2899932861328,200.2899932861328,1341.0,0.0
2025-07-30 15:11:00+05:30,200.10000610351562,200.39999389648438,200.10000610351562,200.39999389648438,1197.0,0.0,200.10000610351562,200.39999389648438,200.10000610351562,200.39999389648438,1197.0,0.0,200.10000610351562,200.39999389648438,200.10000610351562,200.39999389648438,1197.0,0.0
2025-07-30 15:12:00+05:30,200.2100067138672,200.39999389648438,200.2100067138672,200.39999389648438,195.0,0.0,200.2100067138672,200.39999389648438,200.2100067138672,200.39999389648438,195.0,0.0,200.2100067138672,200.39999389648438,200.2100067138672,200.39999389648438,195.0,0.0
2025-07-30 15:13:00+05:30,200.39999389648438,200.39999389648438,200.22000122070312,200.39999389648438,264.0,0.0,200.39999389648438,200.39999389648438,200.22000122070312,200.39999389648438,264.0,0.0,200.39999389648438,200.39999389648438,200.22000122070312,200.39999389648438,264.0,0.0
2025-07-30 15:14:00+05:30,200.5,200.5,199.9600067138672,200.4199981689453,6539.0,0.0,200.5,200.5,199.9600067138672,200.4199981689453,6539.0,0.0,200.5,200.5,199.9600067138672,200.4199981689453,6539.0,0.0
2025-07-30 15:15:00+05:30,200.10000610351562,200.10000610351562,199.83999633789062,199.83999633789062,1260.0,0.0,200.10000610351562,200.10000610351562,199.83999633789062,199.83999633789062,1260.0,0.0,200.10000610351562,200.10000610351562,199.83999633789062,199.83999633789062,1260.0,0.0
2025-07-30 15:16:00+05:30,199.8000030517578,200.08999633789062,199.50999450683594,200.08999633789062,2807.0,0.0,199.8000030517578,200.08999633789062,199.50999450683594,200.08999633789062,2807.0,0.0,199.8000030517578,200.08999633789062,199.50999450683594,200.08999633789062,2807.0,0.0
2025-07-30 15:17:00+05:30,200.07000732421875,200.07000732421875,200.0,200.0,1187.0,0.0,200.07000732421875,200.07000732421875,200.0,200.0,1187.0,0.0,200.07000732421875,200.07000732421875,200.0,200.0,1187.0,0.0
2025-07-30 15:18:00+05:30,199.6699981689453,199.88999938964844,199.5399932861328,199.88999938964844,5198.0,0.0,199.6699981689453,199.88999938964844,199.5399932861328,199.88999938964844,5198.0,0.0,199.6699981689453,199.88999938964844,199.5399932861328,199.88999938964844,5198.0,0.0
2025-07-30 15:19:00+05:30,199.61000061035156,199.9199981689453,199.52000427246094,199.77999877929688,6849.0,0.0,199.61000061035156,199.9199981689453,199.52000427246094,199.77999877929688,6849.0,0.0,199.61000061035156,199.9199981689453,199.52000427246094,199.77999877929688,6849.0,0.0
2025-07-30 15:20:00+05:30,200.0,200.0,199.77999877929688,199.89999389648438,3327.0,0.0,200.0,200.0,199.77999877929688,199.89999389648438,3327.0,0.0,200.0,200.0,199.77999877929688,199.89999389648438,3327.0,0.0
2025-07-30 15:21:00+05:30,199.7899932861328,200.0,197.77999877929688,198.14999389648438,34068.0,0.0,199.7899932861328,200.0,197.77999877929688,198.14999389648438,34068.0,0.0,199.7899932861328,200.0,197.77999877929688,198.14999389648438,34068.0,0.0
2025-07-30 15:22:00+05:30,198.10000610351562,198.10000610351562,197.86000061035156,198.0,6209.0,0.0,198.10000610351562,198.10000610351562,197.86000061035156,198.0,6209.0,0.0,198.10000610351562,198.10000610351562,197.86000061035156,198.0,6209.0,0.0
2025-07-30 15:23:00+05:30,198.5,198.5,197.97999572753906,197.97999572753906,4446.0,0.0,198.5,198.5,197.97999572753906,197.97999572753906,4446.0,0.0,198.5,198.5,197.97999572753906,197.97999572753906,4446.0,0.0
2025-07-30 15:24:00+05:30,198.08999633789062,198.16000366210938,197.86000061035156,198.07000732421875,3027.0,0.0,198.08999633789062,198.16000366210938,197.86000061035156,198.07000732421875,3027.0,0.0,198.08999633789062,198.16000366210938,197.86000061035156,198.07000732421875,3027.0,0.0
2025-07-30 15:25:00+05:30,197.99000549316406,197.99000549316406,197.2100067138672,197.72999572753906,12377.0,0.0,197.99000549316406,197.99000549316406,197.2100067138672,197.72999572753906,12377.0,0.0,197.99000549316406,197.99000549316406,197.2100067138672,197.72999572753906,12377.0,0.0
2025-07-30 15:26:00+05:30,197.6999969482422,197.72000122070312,197.50999450683594,197.50999450683594,606.0,0.0,197.6999969482422,197.72000122070312,197.50999450683594,197.50999450683594,606.0,0.0,197.6999969482422,197.72000122070312,197.50999450683594,197.50999450683594,606.0,0.0
2025-07-30 15:27:00+05:30,197.60000610351562,198.0,197.47000122070312,198.0,3107.0,0.0,197.60000610351562,198.0,197.47000122070312,198.0,3107.0,0.0,197.60000610351562,198.0,197.47000122070312,198.0,3107.0,0.0
2025-07-30 15:28:00+05:30,197.0,197.94000244140625,197.0,197.92999267578125,7292.0,0.0,197.0,197.94000244140625,197.0,197.92999267578125,7292.0,0.0,197.0,197.94000244140625,197.0,197.92999267578125,7292.0,0.0
2025-07-30 15:29:00+05:30,198.97000122070312,198.97000122070312,198.97000122070312,198.97000122070312,0.0,0.0,198.97000122070312,198.97000122070312,198.97000122070312,198.97000122070312,0.0,0.0,198.97000122070312,198.97000122070312,198.97000122070312,198.97000122070312,0.0,0.0
2025-07-31 09:15:00+05:30,194.89999389648438,194.89999389648438,193.7100067138672,194.47000122070312,15441.0,0.0,194.89999389648438,194.89999389648438,193.7100067138672,194.47000122070312,15441.0,0.0,194.89999389648438,194.89999389648438,193.7100067138672,194.47000122070312,15441.0,0.0
2025-07-31 09:16:00+05:30,193.99000549316406,194.4499969482422,193.52000427246094,194.4499969482422,9076.0,0.0,193.99000549316406,194.4499969482422,193.52000427246094,194.4499969482422,9076.0,0.0,193.99000549316406,194.4499969482422,193.52000427246094,194.4499969482422,9076.0,0.0
2025-07-31 09:17:00+05:30,194.0,194.72000122070312,193.94000244140625,194.41000366210938,2886.0,0.0,194.0,194.72000122070312,193.94000244140625,194.41000366210938,2886.0,0.0,194.0,194.72000122070312,193.94000244140625,194.41000366210938,2886.0,0.0
2025-07-31 09:18:00+05:30,194.1199951171875,194.66000366210938,194.1199951171875,194.33999633789062,1941.0,0.0,194.1199951171875,194.66000366210938,194.1199951171875,194.33999633789062,1941.0,0.0,194.1199951171875,194.66000366210938,194.1199951171875,194.33999633789062,1941.0,0.0
2025-07-31 09:19:00+05:30,194.3000030517578,196.1199951171875,193.91000366210938,195.72000122070312,6894.0,0.0,194.3000030517578,196.1199951171875,193.91000366210938,195.72000122070312,6894.0,0.0,194.3000030517578,196.1199951171875,193.91000366210938,195.72000122070312,6894.0,0.0
2025-07-31 09:20:00+05:30,195.89999389648438,195.92999267578125,195.6699981689453,195.8000030517578,2605.0,0.0,195.89999389648438,195.92999267578125,195.6699981689453,195.8000030517578,2605.0,0.0,195.89999389648438,195.92999267578125,195.6699981689453,195.8000030517578,2605.0,0.0
2025-07-31 09:21:00+05:30,195.2100067138672,195.3000030517578,195.0,195.13999938964844,2058.0,0.0,195.2100067138672,195.3000030517578,195.0,195.13999938964844,2058.0,0.0,195.2100067138672,195.3000030517578,195.0,195.13999938964844,2058.0,0.0
2025-07-31 09:22:00+05:30,195.0,195.1999969482422,194.13999938964844,194.13999938964844,9123.0,0.0,195.0,195.1999969482422,194.13999938964844,194.13999938964844,9123.0,0.0,195.0,195.1999969482422,194.13999938964844,194.13999938964844,9123.0,0.0
2025-07-31 09:23:00+05:30,194.38999938964844,194.6999969482422,194.1699981689453,194.47000122070312,584.0,0.0,194.38999938964844,194.6999969482422,194.1699981689453,194.47000122070312,584.0,0.0,194.38999938964844,194.6999969482422,194.1699981689453,194.47000122070312,584.0,0.0
2025-07-31 09:24:00+05:30,194.47000122070312,195.0500030517578,194.47000122070312,195.0500030517578,2789.0,0.0,194.47000122070312,195.0500030517578,194.47000122070312,195.0500030517578,2789.0,0.0,194.47000122070312,195.0500030517578,194.47000122070312,195.0500030517578,2789.0,0.0
2025-07-31 09:25:00+05:30,195.5,195.5,195.0,195.19000244140625,2262.0,0.0,195.5,195.5,195.0,195.19000244140625,2262.0,0.0,195.5,195.5,195.0,195.19000244140625,2262.0,0.0
2025-07-31 09:26:00+05:30,195.19000244140625,195.85000610351562,195.11000061035156,195.85000610351562,1837.0,0.0,195.19000244140625,195.85000610351562,195.11000061035156,195.85000610351562,1837.0,0.0,195.19000244140625,195.85000610351562,195.11000061035156,195.85000610351562,1837.0,0.0
2025-07-31 09:27:00+05:30,196.0,196.3699951171875,195.75,196.00999450683594,2531.0,0.0,196.0,196.3699951171875,195.75,196.00999450683594,2531.0,0.0,196.0,196.3699951171875,195.75,196.00999450683594,2531.0,0.0
2025-07-31 09:28:00+05:30,196.32000732421875,196.69000244140625,196.0,196.0,4338.0,0.0,196.32000732421875,196.69000244140625,196.0,196.0,4338.0,0.0,196.32000732421875,196.69000244140625,196.0,196.0,4338.0,0.0
2025-07-31 09:29:00+05:30,195.94000244140625,195.94000244140625,195.38999938964844,195.74000549316406,743.0,0.0,195.94000244140625,195.94000244140625,195.38999938964844,195.74000549316406,743.0,0.0,195.94000244140625,195.94000244140625,195.38999938964844,195.74000549316406,743.0,0.0
2025-07-31 09:30:00+05:30,195.3800048828125,195.3800048828125,195.0,195.02999877929688,1567.0,0.0,195.3800048828125,195.3800048828125,195.0,195.02999877929688,1567.0,0.0,195.3800048828125,195.3800048828125,195.0,195.02999877929688,1567.0,0.0
2025-07-31 09:31:00+05:30,195.25999450683594,195.25999450683594,195.0800018310547,195.0800018310547,60.0,0.0,195.25999450683594,195.25999450683594,195.0800018310547,195.0800018310547,60.0,0.0,195.25999450683594,195.25999450683594,195.0800018310547,195.0800018310547,60.0,0.0
2025-07-31 09:32:00+05:30,194.85000610351562,195.02000427246094,194.6999969482422,194.99000549316406,1149.0,0.0,194.85000610351562,195.02000427246094,194.6999969482422,194.99000549316406,1149.0,0.0,194.85000610351562,195.02000427246094,194.6999969482422,194.99000549316406,1149.0,0.0
2025-07-31 09:33:00+05:30,194.97000122070312,194.99000549316406,194.6300048828125,194.75,1434.0,0.0,194.97000122070312,194.99000549316406,194.6300048828125,194.75,1434.0,0.0,194.97000122070312,194.99000549316406,194.6300048828125,194.75,1434.0,0.0
2025-07-31 09:34:00+05:30,195.02999877929688,195.5,195.02999877929688,195.24000549316406,2309.0,0.0,195.02999877929688,195.5,195.02999877929688,195.24000549316406,2309.0,0.0,195.02999877929688,195.5,195.02999877929688,195.24000549316406,2309.0,0.0
2025-07-31 09:35:00+05:30,195.08999633789062,195.1999969482422,195.0,195.1999969482422,399.0,0.0,195.08999633789062,195.1999969482422,195.0,195.1999969482422,399.0,0.0,195.08999633789062,195.1999969482422,195.0,195.1999969482422,399.0,0.0
2025-07-31 09:36:00+05:30,195.4499969482422,195.4499969482422,195.1199951171875,195.25,222.0,0.0,195.4499969482422,195.4499969482422,195.1199951171875,195.25,222.0,0.0,195.4499969482422,195.4499969482422,195.1199951171875,195.25,222.0,0.0
2025-07-31 09:37:00+05:30,195.27999877929688,196.11000061035156,195.27999877929688,196.02000427246094,1184.0,0.0,195.27999877929688,196.11000061035156,195.27999877929688,196.02000427246094,1184.0,0.0,195.27999877929688,196.11000061035156,195.27999877929688,196.02000427246094,1184.0,0.0
2025-07-31 09:38:00+05:30,196.02000427246094,196.02000427246094,195.39999389648438,195.39999389648438,1070.0,0.0,196.02000427246094,196.02000427246094,195.39999389648438,195.39999389648438,1070.0,0.0,196.02000427246094,196.02000427246094,195.39999389648438,195.39999389648438,1070.0,0.0
2025-07-31 09:39:00+05:30,195.92999267578125,195.92999267578125,195.0,195.10000610351562,3494.0,0.0,195.92999267578125,195.92999267578125,195.0,195.10000610351562,3494.0,0.0,195.92999267578125,195.92999267578125,195.0,195.10000610351562,3494.0,0.0
2025-07-31 09:40:00+05:30,195.07000732421875,195.47000122070312,195.00999450683594,195.05999755859375,1592.0,0.0,195.07000732421875,195.47000122070312,195.00999450683594,195.05999755859375,1592.0,0.0,195.07000732421875,195.47000122070312,195.00999450683594,195.05999755859375,1592.0,0.0
2025-07-31 09:41:00+05:30,195.44000244140625,195.83999633789062,195.24000549316406,195.83999633789062,541.0,0.0,195.44000244140625,195.83999633789062,195.24000549316406,195.83999633789062,541.0,0.0,195.44000244140625,195.83999633789062,195.24000549316406,195.83999633789062,541.0,0.0
2025-07-31 09:42:00+05:30,195.75,195.75,195.75,195.75,596.0,0.0,195.75,195.75,195.75,195.75,596.0,0.0,195.75,195.75,195.75,195.75,596.0,0.0
2025-07-31 09:43:00+05:30,195.75,195.80999755859375,195.75,195.75,404.0,0.0,195.75,195.80999755859375,195.75,195.75,404.0,0.0,195.75,195.80999755859375,195.75,195.75,404.0,0.0
2025-07-31 09:44:00+05:30,195.75,195.88999938964844,195.63999938964844,195.63999938964844,168.0,0.0,195.75,195.88999938964844,195.63999938964844,195.63999938964844,168.0,0.0,195.75,195.88999938964844,195.63999938964844,195.63999938964844,168.0,0.0
2025-07-31 09:45:00+05:30,195.75,195.75,195.60000610351562,195.60000610351562,1693.0,0.0,195.75,195.75,195.60000610351562,195.60000610351562,1693.0,0.0,195.75,195.75,195.60000610351562,195.60000610351562,1693.0,0.0
2025-07-31 09:46:00+05:30,195.4600067138672,195.4600067138672,195.02000427246094,195.27999877929688,789.0,0.0,195.4600067138672,195.4600067138672,195.02000427246094,195.27999877929688,789.0,0.0,195.4600067138672,195.4600067138672,195.02000427246094,195.27999877929688,789.0,0.0
2025-07-31 09:47:00+05:30,195.36000061035156,195.41000366210938,195.10000610351562,195.10000610351562,296.0,0.0,195.36000061035156,195.41000366210938,195.10000610351562,195.10000610351562,296.0,0.0,195.36000061035156,195.41000366210938,195.10000610351562,195.10000610351562,296.0,0.0
2025-07-31 09:48:00+05:30,195.00999450683594,195.58999633789062,195.00999450683594,195.58999633789062,978.0,0.0,195.00999450683594,195.58999633789062,195.00999450683594,195.58999633789062,978.0,0.0,195.00999450683594,195.58999633789062,195.00999450683594,195.58999633789062,978.0,0.0
2025-07-31 09:49:00+05:30,195.58999633789062,195.60000610351562,195.58999633789062,195.60000610351562,198.0,0.0,195.58999633789062,195.60000610351562,195.58999633789062,195.60000610351562,198.0,0.0,195.58999633789062,195.60000610351562,195.58999633789062,195.60000610351562,198.0,0.0
2025-07-31 09:50:00+05:30,196.2100067138672,196.2100067138672,195.77999877929688,195.77999877929688,3504.0,0.0,196.2100067138672,196.2100067138672,195.77999877929688,195.77999877929688,3504.0,0.0,196.2100067138672,196.2100067138672,195.77999877929688,195.77999877929688,3504.0,0.0
2025-07-31 09:51:00+05:30,196.07000732421875,197.0,196.07000732421875,197.0,4243.0,0.0,196.07000732421875,197.0,196.07000732421875,197.0,4243.0,0.0,196.07000732421875,197.0,196.07000732421875,197.0,4243.0,0.0
2025-07-31 09:52:00+05:30,196.50999450683594,196.7899932861328,196.50999450683594,196.7899932861328,1154.0,0.0,196.50999450683594,196.7899932861328,196.50999450683594,196.7899932861328,1154.0,0.0,196.50999450683594,196.7899932861328,196.50999450683594,196.7899932861328,1154.0,0.0
2025-07-31 09:53:00+05:30,196.72999572753906,196.72999572753906,196.3000030517578,196.3000030517578,123.0,0.0,196.72999572753906,196.72999572753906,196.3000030517578,196.3000030517578,123.0,0.0,196.72999572753906,196.72999572753906,196.3000030517578,196.3000030517578,123.0,0.0
2025-07-31 09:54:00+05:30,196.0,196.0,195.97000122070312,195.97000122070312,921.0,0.0,196.0,196.0,195.97000122070312,195.97000122070312,921.0,0.0,196.0,196.0,195.97000122070312,195.97000122070312,921.0,0.0
2025-07-31 09:55:00+05:30,195.97000122070312,195.97000122070312,195.97000122070312,195.97000122070312,164.0,0.0,195.97000122070312,195.97000122070312,195.97000122070312,195.97000122070312,164.0,0.0,195.97000122070312,195.97000122070312,195.97000122070312,195.97000122070312,164.0,0.0
2025-07-31 09:56:00+05:30,196.22000122070312,196.22000122070312,196.22000122070312,196.22000122070312,62.0,0.0,196.22000122070312,196.22000122070312,196.22000122070312,196.22000122070312,62.0,0.0,196.22000122070312,196.22000122070312,196.22000122070312,196.22000122070312,62.0,0.0
2025-07-31 09:57:00+05:30,195.97000122070312,195.97000122070312,195.7899932861328,195.7899932861328,520.0,0.0,195.97000122070312,195.97000122070312,195.7899932861328,195.7899932861328,520.0,0.0,195.97000122070312,195.97000122070312,195.7899932861328,195.7899932861328,520.0,0.0
2025-07-31 09:58:00+05:30,195.72000122070312,195.9499969482422,195.6999969482422,195.6999969482422,238.0,0.0,195.72000122070312,195.9499969482422,195.6999969482422,195.6999969482422,238.0,0.0,195.72000122070312,195.9499969482422,195.6999969482422,195.6999969482422,238.0,0.0
2025-07-31 09:59:00+05:30,195.94000244140625,197.11000061035156,195.94000244140625,196.0,7447.0,0.0,195.94000244140625,197.11000061035156,195.94000244140625,196.0,7447.0,0.0,195.94000244140625,197.11000061035156,195.94000244140625,196.0,7447.0,0.0
2025-07-31 10:00:00+05:30,196.0,196.0,195.60000610351562,195.60000610351562,2357.0,-1.0,196.0,196.0,195.60000610351562,195.60000610351562,2357.0,-1.0,196.0,196.0,195.60000610351562,195.60000610351562,2357.0,-1.0
2025-07-31 10:01:00+05:30,195.5500030517578,195.77000427246094,195.5,195.77000427246094,1054.0,0.0,195.5500030517578,195.77000427246094,195.5,195.77000427246094,1054.0,0.0,195.5500030517578,195.77000427246094,195.5,195.77000427246094,1054.0,0.0
2025-07-31 10:02:00+05:30,195.75999450683594,195.89999389648438,195.75999450683594,195.89999389648438,0.0,0.0,195.75999450683594,195.89999389648438,195.75999450683594,195.89999389648438,0.0,0.0,195.75999450683594,195.89999389648438,195.75999450683594,195.89999389648438,0.0,0.0
2025-07-31 10:03:00+05:30,195.8000030517578,195.8000030517578,195.52999877929688,195.52999877929688,595.0,0.0,195.8000030517578,195.8000030517578,195.52999877929688,195.52999877929688,595.0,0.0,195.8000030517578,195.8000030517578,195.52999877929688,195.52999877929688,595.0,0.0
2025-07-31 10:04:00+05:30,195.5,195.5,195.24000549316406,195.24000549316406,1238.0,0.0,195.5,195.5,195.24000549316406,195.24000549316406,1238.0,0.0,195.5,195.5,195.24000549316406,195.24000549316406,1238.0,0.0
2025-07-31 10:05:00+05:30,195.25999450683594,195.55999755859375,195.25999450683594,195.55999755859375,235.0,0.0,195.25999450683594,195.55999755859375,195.25999450683594,195.55999755859375,235.0,0.0,195.25999450683594,195.55999755859375,195.25999450683594,195.55999755859375,235.0,0.0
2025-07-31 10:06:00+05:30,195.55999755859375,195.94000244140625,195.55999755859375,195.94000244140625,1046.0,0.0,195.55999755859375,195.94000244140625,195.55999755859375,195.94000244140625,1046.0,0.0,195.55999755859375,195.94000244140625,195.55999755859375,195.94000244140625,1046.0,0.0
2025-07-31 10:07:00+05:30,196.05999755859375,196.5,196.05999755859375,196.5,884.0,1.0,196.05999755859375,196.5,196.05999755859375,196.5,884.0,1.0,196.05999755859375,196.5,196.05999755859375,196.5,884.0,1.0
2025-07-31 10:08:00+05:30,196.5,196.5,196.49000549316406,196.49000549316406,27.0,0.0,196.5,196.5,196.49000549316406,196.49000549316406,27.0,0.0,196.5,196.5,196.49000549316406,196.49000549316406,27.0,0.0
2025-07-31 10:09:00+05:30,196.17999267578125,196.17999267578125,196.08999633789062,196.08999633789062,397.0,0.0,196.17999267578125,196.17999267578125,196.08999633789062,196.08999633789062,397.0,0.0,196.17999267578125,196.17999267578125,196.08999633789062,196.08999633789062,397.0,0.0
2025-07-31 10:10:00+05:30,196.0500030517578,196.27999877929688,196.0500030517578,196.27999877929688,151.0,0.0,196.0500030517578,196.27999877929688,196.0500030517578,196.27999877929688,151.0,0.0,196.0500030517578,196.27999877929688,196.0500030517578,196.27999877929688,151.0,0.0
2025-07-31 10:11:00+05:30,196.0,196.0,195.85000610351562,195.85000610351562,582.0,0.0,196.0,196.0,195.85000610351562,195.85000610351562,582.0,0.0,196.0,196.0,195.85000610351562,195.85000610351562,582.0,0.0
2025-07-31 10:12:00+05:30,196.0,196.0,195.77000427246094,195.77000427246094,95.0,0.0,196.0,196.0,195.77000427246094,195.77000427246094,95.0,0.0,196.0,196.0,195.77000427246094,195.77000427246094,95.0,0.0
2025-07-31 10:15:00+05:30,195.66000366210938,196.49000549316406,195.66000366210938,196.49000549316406,1529.0,0.0,195.66000366210938,196.49000549316406,195.66000366210938,196.49000549316406,1529.0,0.0,195.66000366210938,196.49000549316406,195.66000366210938,196.49000549316406,1529.0,0.0
2025-07-31 10:16:00+05:30,196.38999938964844,196.38999938964844,196.38999938964844,196.38999938964844,44.0,0.0,196.38999938964844,196.38999938964844,196.38999938964844,196.38999938964844,44.0,0.0,196.38999938964844,196.38999938964844,196.38999938964844,196.38999938964844,44.0,0.0
2025-07-31 10:17:00+05:30,196.0500030517578,196.05999755859375,195.75,195.75,3005.0,0.0,196.0500030517578,196.05999755859375,195.75,195.75,3005.0,0.0,196.0500030517578,196.05999755859375,195.75,195.75,3005.0,0.0
2025-07-31 10:18:00+05:30,195.4499969482422,195.4499969482422,195.32000732421875,195.32000732421875,987.0,-1.0,195.4499969482422,195.4499969482422,195.32000732421875,195.32000732421875,987.0,-1.0,195.4499969482422,195.4499969482422,195.32000732421875,195.32000732421875,987.0,-1.0
2025-07-31 10:19:00+05:30,195.52000427246094,195.52000427246094,195.3000030517578,195.3000030517578,20.0,0.0,195.52000427246094,195.52000427246094,195.3000030517578,195.3000030517578,20.0,0.0,195.52000427246094,195.52000427246094,195.3000030517578,195.3000030517578,20.0,0.0
2025-07-31 10:20:00+05:30,195.3000030517578,195.3000030517578,195.3000030517578,195.3000030517578,8.0,0.0,195.3000030517578,195.3000030517578,195.3000030517578,195.3000030517578,8.0,0.0,195.3000030517578,195.3000030517578,195.3000030517578,195.3000030517578,8.0,0.0
2025-07-31 10:21:00+05:30,195.3000030517578,195.3000030517578,195.3000030517578,195.3000030517578,97.0,0.0,195.3000030517578,195.3000030517578,195.3000030517578,195.3000030517578,97.0,0.0,195.3000030517578,195.3000030517578,195.3000030517578,195.3000030517578,97.0,0.0
2025-07-31 10:22:00+05:30,195.3000030517578,195.5399932861328,195.3000030517578,195.5399932861328,184.0,0.0,195.3000030517578,195.5399932861328,195.3000030517578,195.5399932861328,184.0,0.0,195.3000030517578,195.5399932861328,195.3000030517578,195.5399932861328,184.0,0.0
2025-07-31 10:23:00+05:30,195.57000732421875,195.57000732421875,195.57000732421875,195.57000732421875,782.0,0.0,195.57000732421875,195.57000732421875,195.57000732421875,195.57000732421875,782.0,0.0,195.57000732421875,195.57000732421875,195.57000732421875,195.57000732421875,782.0,0.0
2025-07-31 10:24:00+05:30,195.57000732421875,195.57000732421875,195.57000732421875,195.57000732421875,79.0,0.0,195.57000732421875,195.57000732421875,195.57000732421875,195.57000732421875,79.0,0.0,195.57000732421875,195.57000732421875,195.57000732421875,195.57000732421875,79.0,0.0
2025-07-31 10:25:00+05:30,195.57000732421875,195.57000732421875,195.57000732421875,195.57000732421875,0.0,0.0,195.57000732421875,195.57000732421875,195.57000732421875,195.57000732421875,0.0,0.0,195.57000732421875,195.57000732421875,195.57000732421875,195.57000732421875,0.0,0.0
2025-07-31 10:27:00+05:30,195.57000732421875,195.57000732421875,195.5,195.5,10.0,0.0,195.57000732421875,195.57000732421875,195.5,195.5,10.0,0.0,195.57000732421875,195.57000732421875,195.5,195.5,10.0,0.0
2025-07-31 10:28:00+05:30,195.3000030517578,195.3000030517578,195.3000030517578,195.3000030517578,185.0,0.0,195.3000030517578,195.3000030517578,195.3000030517578,195.3000030517578,185.0,0.0,195.3000030517578,195.3000030517578,195.3000030517578,195.3000030517578,185.0,0.0
2025-07-31 10:29:00+05:30,195.3800048828125,195.3800048828125,195.22999572753906,195.22999572753906,1442.0,0.0,195.3800048828125,195.3800048828125,195.22999572753906,195.22999572753906,1442.0,0.0,195.3800048828125,195.3800048828125,195.22999572753906,195.22999572753906,1442.0,0.0
2025-07-31 10:31:00+05:30,195.0,195.0,194.99000549316406,194.99000549316406,2150.0,0.0,195.0,195.0,194.99000549316406,194.99000549316406,2150.0,0.0,195.0,195.0,194.99000549316406,194.99000549316406,2150.0,0.0
2025-07-31 10:32:00+05:30,194.47000122070312,194.6699981689453,194.47000122070312,194.58999633789062,3084.0,0.0,194.47000122070312,194.6699981689453,194.47000122070312,194.58999633789062,3084.0,0.0,194.47000122070312,194.6699981689453,194.47000122070312,194.58999633789062,3084.0,0.0
2025-07-31 10:33:00+05:30,194.58999633789062,194.58999633789062,194.39999389648438,194.39999389648438,104.0,0.0,194.58999633789062,194.58999633789062,194.39999389648438,194.39999389648438,104.0,0.0,194.58999633789062,194.58999633789062,194.39999389648438,194.39999389648438,104.0,0.0
2025-07-31 10:34:00+05:30,194.61000061035156,194.61000061035156,194.30999755859375,194.30999755859375,393.0,0.0,194.61000061035156,194.61000061035156,194.30999755859375,194.30999755859375,393.0,0.0,194.61000061035156,194.61000061035156,194.30999755859375,194.30999755859375,393.0,0.0
2025-07-31 10:36:00+05:30,194.61000061035156,194.61000061035156,194.61000061035156,194.61000061035156,1155.0,0.0,194.61000061035156,194.61000061035156,194.61000061035156,194.61000061035156,1155.0,0.0,194.61000061035156,194.61000061035156,194.61000061035156,194.61000061035156,1155.0,0.0
2025-07-31 10:37:00+05:30,194.5,194.80999755859375,194.5,194.80999755859375,955.0,0.0,194.5,194.80999755859375,194.5,194.80999755859375,955.0,0.0,194.5,194.80999755859375,194.5,194.80999755859375,955.0,0.0
2025-07-31 10:38:00+05:30,194.9199981689453,194.9199981689453,194.88999938964844,194.88999938964844,458.0,0.0,194.9199981689453,194.9199981689453,194.88999938964844,194.88999938964844,458.0,0.0,194.9199981689453,194.9199981689453,194.88999938964844,194.88999938964844,458.0,0.0
2025-07-31 10:39:00+05:30,194.5800018310547,194.5800018310547,194.5,194.5,87.0,0.0,194.5800018310547,194.5800018310547,194.5,194.5,87.0,0.0,194.5800018310547,194.5800018310547,194.5,194.5,87.0,0.0
2025-07-31 10:40:00+05:30,194.5,194.50999450683594,194.5,194.5,1865.0,0.0,194.5,194.50999450683594,194.5,194.5,1865.0,0.0,194.5,194.50999450683594,194.5,194.5,1865.0,0.0
2025-07-31 10:42:00+05:30,194.75999450683594,194.75999450683594,194.61000061035156,194.61000061035156,0.0,0.0,194.75999450683594,194.75999450683594,194.61000061035156,194.61000061035156,0.0,0.0,194.75999450683594,194.75999450683594,194.61000061035156,194.61000061035156,0.0,0.0
2025-07-31 10:43:00+05:30,194.86000061035156,194.86000061035156,194.86000061035156,194.86000061035156,167.0,0.0,194.86000061035156,194.86000061035156,194.86000061035156,194.86000061035156,167.0,0.0,194.86000061035156,194.86000061035156,194.86000061035156,194.86000061035156,167.0,0.0
2025-07-31 10:45:00+05:30,194.58999633789062,194.58999633789062,194.58999633789062,194.58999633789062,759.0,0.0,194.58999633789062,194.58999633789062,194.58999633789062,194.58999633789062,759.0,0.0,194.58999633789062,194.58999633789062,194.58999633789062,194.58999633789062,759.0,0.0
2025-07-31 10:46:00+05:30,194.39999389648438,194.44000244140625,194.39999389648438,194.44000244140625,469.0,0.0,194.39999389648438,194.44000244140625,194.39999389648438,194.44000244140625,469.0,0.0,194.39999389648438,194.44000244140625,194.39999389648438,194.44000244140625,469.0,0.0
2025-07-31 10:47:00+05:30,194.42999267578125,194.42999267578125,194.42999267578125,194.42999267578125,1151.0,-1.0,194.42999267578125,194.42999267578125,194.42999267578125,194.42999267578125,1151.0,-1.0,194.42999267578125,194.42999267578125,194.42999267578125,194.42999267578125,1151.0,-1.0
2025-07-31 10:48:00+05:30,194.58999633789062,194.58999633789062,194.58999633789062,194.58999633789062,0.0,0.0,194.58999633789062,194.58999633789062,194.58999633789062,194.58999633789062,0.0,0.0,194.58999633789062,194.58999633789062,194.58999633789062,194.58999633789062,0.0,0.0
2025-07-31 10:49:00+05:30,194.58999633789062,194.58999633789062,194.58999633789062,194.58999633789062,59.0,0.0,194.58999633789062,194.58999633789062,194.58999633789062,194.58999633789062,59.0,0.0,194.58999633789062,194.58999633789062,194.58999633789062,194.58999633789062,59.0,0.0
2025-07-31 10:50:00+05:30,194.42999267578125,194.74000549316406,194.42999267578125,194.74000549316406,524.0,0.0,194.42999267578125,194.74000549316406,194.42999267578125,194.74000549316406,524.0,0.0,194.42999267578125,194.74000549316406,194.42999267578125,194.74000549316406,524.0,0.0
2025-07-31 10:51:00+05:30,194.8000030517578,195.32000732421875,194.8000030517578,195.32000732421875,443.0,0.0,194.8000030517578,195.32000732421875,194.8000030517578,195.32000732421875,443.0,0.0,194.8000030517578,195.32000732421875,194.8000030517578,195.32000732421875,443.0,0.0
2025-07-31 10:52:00+05:30,195.5399932861328,195.57000732421875,195.30999755859375,195.30999755859375,4055.0,0.0,195.5399932861328,195.57000732421875,195.30999755859375,195.30999755859375,4055.0,0.0,195.5399932861328,195.57000732421875,195.30999755859375,195.30999755859375,4055.0,0.0
2025-07-31 10:53:00+05:30,195.8000030517578,195.8000030517578,195.8000030517578,195.8000030517578,102.0,0.0,195.8000030517578,195.8000030517578,195.8000030517578,195.8000030517578,102.0,0.0,195.8000030517578,195.8000030517578,195.8000030517578,195.8000030517578,102.0,0.0
2025-07-31 10:54:00+05:30,195.66000366210938,195.66000366210938,195.66000366210938,195.66000366210938,37.0,0.0,195.66000366210938,195.66000366210938,195.66000366210938,195.66000366210938,37.0,0.0,195.66000366210938,195.66000366210938,195.66000366210938,195.66000366210938,37.0,0.0
2025-07-31 10:55:00+05:30,195.55999755859375,195.55999755859375,195.25999450683594,195.25999450683594,230.0,0.0,195.55999755859375,195.55999755859375,195.25999450683594,195.25999450683594,230.0,0.0,195.55999755859375,195.55999755859375,195.25999450683594,195.25999450683594,230.0,0.0
2025-07-31 10:56:00+05:30,195.5500030517578,196.05999755859375,195.5500030517578,196.05999755859375,2357.0,0.0,195.5500030517578,196.05999755859375,195.5500030517578,196.05999755859375,2357.0,0.0,195.5500030517578,196.05999755859375,195.5500030517578,196.05999755859375,2357.0,0.0
2025-07-31 10:57:00+05:30,196.3300018310547,196.5,196.1300048828125,196.44000244140625,1023.0,0.0,196.3300018310547,196.5,196.1300048828125,196.44000244140625,1023.0,0.0,196.3300018310547,196.5,196.1300048828125,196.44000244140625,1023.0,0.0
2025-07-31 10:58:00+05:30,195.82000732421875,196.0399932861328,195.7899932861328,196.0399932861328,2160.0,0.0,195.82000732421875,196.0399932861328,195.7899932861328,196.0399932861328,2160.0,0.0,195.82000732421875,196.0399932861328,195.7899932861328,196.0399932861328,2160.0,0.0
2025-07-31 10:59:00+05:30,195.6999969482422,195.86000061035156,195.6999969482422,195.8000030517578,71.0,0.0,195.6999969482422,195.86000061035156,195.6999969482422,195.8000030517578,71.0,0.0,195.6999969482422,195.86000061035156,195.6999969482422,195.8000030517578,71.0,0.0
2025-07-31 11:00:00+05:30,195.8000030517578,195.8000030517578,195.8000030517578,195.8000030517578,292.0,0.0,195.8000030517578,195.8000030517578,195.8000030517578,195.8000030517578,292.0,0.0,195.8000030517578,195.8000030517578,195.8000030517578,195.8000030517578,292.0,0.0
2025-07-31 11:01:00+05:30,195.75999450683594,195.75999450683594,195.75999450683594,195.75999450683594,0.0,0.0,195.75999450683594,195.75999450683594,195.75999450683594,195.75999450683594,0.0,0.0,195.75999450683594,195.75999450683594,195.75999450683594,195.75999450683594,0.0,0.0
2025-07-31 11:02:00+05:30,195.3000030517578,195.52000427246094,195.3000030517578,195.52000427246094,1039.0,0.0,195.3000030517578,195.52000427246094,195.3000030517578,195.52000427246094,1039.0,0.0,195.3000030517578,195.52000427246094,195.3000030517578,195.52000427246094,1039.0,0.0
2025-07-31 11:05:00+05:30,195.3699951171875,195.60000610351562,195.3699951171875,195.60000610351562,49.0,0.0,195.3699951171875,195.60000610351562,195.3699951171875,195.60000610351562,49.0,0.0,195.3699951171875,195.60000610351562,195.3699951171875,195.60000610351562,49.0,0.0
2025-07-31 11:06:00+05:30,195.63999938964844,195.66000366210938,195.63999938964844,195.66000366210938,5.0,0.0,195.63999938964844,195.66000366210938,195.63999938964844,195.66000366210938,5.0,0.0,195.63999938964844,195.66000366210938,195.63999938964844,195.66000366210938,5.0,0.0
2025-07-31 11:07:00+05:30,195.66000366210938,195.66000366210938,195.66000366210938,195.66000366210938,42.0,0.0,195.66000366210938,195.66000366210938,195.66000366210938,195.66000366210938,42.0,0.0,195.66000366210938,195.66000366210938,195.66000366210938,195.66000366210938,42.0,0.0
2025-07-31 11:08:00+05:30,195.66000366210938,195.66000366210938,195.66000366210938,195.66000366210938,1000.0,0.0,195.66000366210938,195.66000366210938,195.66000366210938,195.66000366210938,1000.0,0.0,195.66000366210938,195.66000366210938,195.66000366210938,195.66000366210938,1000.0,0.0
2025-07-31 11:09:00+05:30,195.35000610351562,195.35000610351562,195.35000610351562,195.35000610351562,0.0,0.0,195.35000610351562,195.35000610351562,195.35000610351562,195.35000610351562,0.0,0.0,195.35000610351562,195.35000610351562,195.35000610351562,195.35000610351562,0.0,0.0
2025-07-31 11:10:00+05:30,195.35000610351562,195.35000610351562,195.35000610351562,195.35000610351562,71.0,0.0,195.35000610351562,195.35000610351562,195.35000610351562,195.35000610351562,71.0,0.0,195.35000610351562,195.35000610351562,195.35000610351562,195.35000610351562,71.0,0.0
2025-07-31 11:11:00+05:30,195.63999938964844,195.63999938964844,195.58999633789062,195.58999633789062,199.0,0.0,195.63999938964844,195.63999938964844,195.58999633789062,195.58999633789062,199.0,0.0,195.63999938964844,195.63999938964844,195.58999633789062,195.58999633789062,199.0,0.0
2025-07-31 11:12:00+05:30,195.75,195.75,195.5800018310547,195.5800018310547,2007.0,0.0,195.75,195.75,195.5800018310547,195.5800018310547,2007.0,0.0,195.75,195.75,195.5800018310547,195.5800018310547,2007.0,0.0
2025-07-31 11:13:00+05:30,195.3000030517578,195.3000030517578,195.25,195.25,123.0,0.0,195.3000030517578,195.3000030517578,195.25,195.25,123.0,0.0,195.3000030517578,195.3000030517578,195.25,195.25,123.0,0.0
2025-07-31 11:14:00+05:30,195.0399932861328,195.0399932861328,195.0399932861328,195.0399932861328,496.0,0.0,195.0399932861328,195.0399932861328,195.0399932861328,195.0399932861328,496.0,0.0,195.0399932861328,195.0399932861328,195.0399932861328,195.0399932861328,496.0,0.0
2025-07-31 11:15:00+05:30,195.42999267578125,195.42999267578125,195.42999267578125,195.42999267578125,7.0,0.0,195.42999267578125,195.42999267578125,195.42999267578125,195.42999267578125,7.0,0.0,195.42999267578125,195.42999267578125,195.42999267578125,195.42999267578125,7.0,0.0
2025-07-31 11:16:00+05:30,195.2100067138672,195.2100067138672,195.2100067138672,195.2100067138672,316.0,0.0,195.2100067138672,195.2100067138672,195.2100067138672,195.2100067138672,316.0,0.0,195.2100067138672,195.2100067138672,195.2100067138672,195.2100067138672,316.0,0.0
2025-07-31 11:17:00+05:30,195.00999450683594,195.00999450683594,195.0,195.0,254.0,0.0,195.00999450683594,195.00999450683594,195.0,195.0,254.0,0.0,195.00999450683594,195.00999450683594,195.0,195.0,254.0,0.0
2025-07-31 11:18:00+05:30,195.25999450683594,195.25999450683594,195.25999450683594,195.25999450683594,1.0,0.0,195.25999450683594,195.25999450683594,195.25999450683594,195.25999450683594,1.0,0.0,195.25999450683594,195.25999450683594,195.25999450683594,195.25999450683594,1.0,0.0
2025-07-31 11:20:00+05:30,195.25999450683594,195.25999450683594,195.00999450683594,195.00999450683594,49.0,0.0,195.25999450683594,195.25999450683594,195.00999450683594,195.00999450683594,49.0,0.0,195.25999450683594,195.25999450683594,195.00999450683594,195.00999450683594,49.0,0.0
2025-07-31 11:22:00+05:30,195.22000122070312,195.22000122070312,195.22000122070312,195.22000122070312,849.0,0.0,195.22000122070312,195.22000122070312,195.22000122070312,195.22000122070312,849.0,0.0,195.22000122070312,195.22000122070312,195.22000122070312,195.22000122070312,849.0,0.0
2025-07-31 11:23:00+05:30,195.8000030517578,195.8000030517578,195.6999969482422,195.6999969482422,252.0,0.0,195.8000030517578,195.8000030517578,195.6999969482422,195.6999969482422,252.0,0.0,195.8000030517578,195.8000030517578,195.6999969482422,195.6999969482422,252.0,0.0
2025-07-31 11:24:00+05:30,195.77000427246094,195.77000427246094,195.57000732421875,195.57000732421875,532.0,1.0,195.77000427246094,195.77000427246094,195.57000732421875,195.57000732421875,532.0,1.0,195.77000427246094,195.77000427246094,195.57000732421875,195.57000732421875,532.0,1.0
2025-07-31 11:26:00+05:30,195.85000610351562,195.85000610351562,195.85000610351562,195.85000610351562,101.0,0.0,195.85000610351562,195.85000610351562,195.85000610351562,195.85000610351562,101.0,0.0,195.85000610351562,195.85000610351562,195.85000610351562,195.85000610351562,101.0,0.0
2025-07-31 11:27:00+05:30,195.6300048828125,195.6300048828125,195.6300048828125,195.6300048828125,0.0,0.0,195.6300048828125,195.6300048828125,195.6300048828125,195.6300048828125,0.0,0.0,195.6300048828125,195.6300048828125,195.6300048828125,195.6300048828125,0.0,0.0
2025-07-31 11:29:00+05:30,195.85000610351562,195.9499969482422,195.85000610351562,195.9499969482422,1410.0,0.0,195.85000610351562,195.9499969482422,195.85000610351562,195.9499969482422,1410.0,0.0,195.85000610351562,195.9499969482422,195.85000610351562,195.9499969482422,1410.0,0.0
2025-07-31 11:30:00+05:30,196.63999938964844,196.63999938964844,196.63999938964844,196.63999938964844,1148.0,0.0,196.63999938964844,196.63999938964844,196.63999938964844,196.63999938964844,1148.0,0.0,196.63999938964844,196.63999938964844,196.63999938964844,196.63999938964844,1148.0,0.0
2025-07-31 11:31:00+05:30,196.6300048828125,196.63999938964844,196.6300048828125,196.63999938964844,0.0,0.0,196.6300048828125,196.63999938964844,196.6300048828125,196.63999938964844,0.0,0.0,196.6300048828125,196.63999938964844,196.6300048828125,196.63999938964844,0.0,0.0
2025-07-31 11:32:00+05:30,196.24000549316406,196.24000549316406,196.24000549316406,196.24000549316406,306.0,0.0,196.24000549316406,196.24000549316406,196.24000549316406,196.24000549316406,306.0,0.0,196.24000549316406,196.24000549316406,196.24000549316406,196.24000549316406,306.0,0.0
2025-07-31 11:33:00+05:30,196.22000122070312,196.22000122070312,196.14999389648438,196.14999389648438,100.0,0.0,196.22000122070312,196.22000122070312,196.14999389648438,196.14999389648438,100.0,0.0,196.22000122070312,196.22000122070312,196.14999389648438,196.14999389648438,100.0,0.0
2025-07-31 11:34:00+05:30,196.5,196.5,196.5,196.5,483.0,0.0,196.5,196.5,196.5,196.5,483.0,0.0,196.5,196.5,196.5,196.5,483.0,0.0
2025-07-31 11:35:00+05:30,196.05999755859375,196.05999755859375,196.05999755859375,196.05999755859375,556.0,0.0,196.05999755859375,196.05999755859375,196.05999755859375,196.05999755859375,556.0,0.0,196.05999755859375,196.05999755859375,196.05999755859375,196.05999755859375,556.0,0.0
2025-07-31 11:36:00+05:30,195.89999389648438,195.89999389648438,195.89999389648438,195.89999389648438,85.0,0.0,195.89999389648438,195.89999389648438,195.89999389648438,195.89999389648438,85.0,0.0,195.89999389648438,195.89999389648438,195.89999389648438,195.89999389648438,85.0,0.0
2025-07-31 11:37:00+05:30,196.14999389648438,196.14999389648438,195.89999389648438,195.89999389648438,320.0,0.0,196.14999389648438,196.14999389648438,195.89999389648438,195.89999389648438,320.0,0.0,196.14999389648438,196.14999389648438,195.89999389648438,195.89999389648438,320.0,0.0
2025-07-31 11:38:00+05:30,195.89999389648438,195.89999389648438,195.89999389648438,195.89999389648438,29.0,0.0,195.89999389648438,195.89999389648438,195.89999389648438,195.89999389648438,29.0,0.0,195.89999389648438,195.89999389648438,195.89999389648438,195.89999389648438,29.0,0.0
2025-07-31 11:39:00+05:30,195.75999450683594,195.97999572753906,195.75999450683594,195.97999572753906,3851.0,0.0,195.75999450683594,195.97999572753906,195.75999450683594,195.97999572753906,3851.0,0.0,195.75999450683594,195.97999572753906,195.75999450683594,195.97999572753906,3851.0,0.0
2025-07-31 11:40:00+05:30,196.17999267578125,196.17999267578125,196.17999267578125,196.17999267578125,0.0,0.0,196.17999267578125,196.17999267578125,196.17999267578125,196.17999267578125,0.0,0.0,196.17999267578125,196.17999267578125,196.17999267578125,196.17999267578125,0.0,0.0
2025-07-31 11:41:00+05:30,195.94000244140625,196.19000244140625,195.7100067138672,195.7100067138672,1461.0,0.0,195.94000244140625,196.19000244140625,195.7100067138672,195.7100067138672,1461.0,0.0,195.94000244140625,196.19000244140625,195.7100067138672,195.7100067138672,1461.0,0.0
2025-07-31 11:44:00+05:30,195.9199981689453,195.9199981689453,195.9199981689453,195.9199981689453,18.0,0.0,195.9199981689453,195.9199981689453,195.9199981689453,195.9199981689453,18.0,0.0,195.9199981689453,195.9199981689453,195.9199981689453,195.9199981689453,18.0,0.0
2025-07-31 11:45:00+05:30,196.0,196.0,196.0,196.0,3.0,0.0,196.0,196.0,196.0,196.0,3.0,0.0,196.0,196.0,196.0,196.0,3.0,0.0
2025-07-31 11:46:00+05:30,196.02000427246094,196.02000427246094,196.02000427246094,196.02000427246094,29.0,0.0,196.02000427246094,196.02000427246094,196.02000427246094,196.02000427246094,29.0,0.0,196.02000427246094,196.02000427246094,196.02000427246094,196.02000427246094,29.0,0.0
2025-07-31 11:47:00+05:30,196.0,196.0,196.0,196.0,1.0,0.0,196.0,196.0,196.0,196.0,1.0,0.0,196.0,196.0,196.0,196.0,1.0,0.0
2025-07-31 11:48:00+05:30,196.63999938964844,196.72000122070312,196.63999938964844,196.72000122070312,2973.0,1.0,196.63999938964844,196.72000122070312,196.63999938964844,196.72000122070312,2973.0,1.0,196.63999938964844,196.72000122070312,196.63999938964844,196.72000122070312,2973.0,1.0
2025-07-31 11:49:00+05:30,196.4600067138672,196.4600067138672,196.4600067138672,196.4600067138672,87.0,0.0,196.4600067138672,196.4600067138672,196.4600067138672,196.4600067138672,87.0,0.0,196.4600067138672,196.4600067138672,196.4600067138672,196.4600067138672,87.0,0.0
2025-07-31 11:51:00+05:30,196.39999389648438,196.39999389648438,196.39999389648438,196.39999389648438,25.0,0.0,196.39999389648438,196.39999389648438,196.39999389648438,196.39999389648438,25.0,0.0,196.39999389648438,196.39999389648438,196.39999389648438,196.39999389648438,25.0,0.0
2025-07-31 11:53:00+05:30,196.27000427246094,196.27000427246094,195.94000244140625,195.94000244140625,524.0,-1.0,196.27000427246094,196.27000427246094,195.94000244140625,195.94000244140625,524.0,-1.0,196.27000427246094,196.27000427246094,195.94000244140625,195.94000244140625,524.0,0.0
2025-07-31 11:54:00+05:30,195.5,196.19000244140625,195.5,196.19000244140625,3182.0,0.0,195.5,196.19000244140625,195.5,196.19000244140625,3182.0,0.0,195.5,196.19000244140625,195.5,196.19000244140625,3182.0,0.0
2025-07-31 11:56:00+05:30,195.6999969482422,195.6999969482422,195.6999969482422,195.6999969482422,31.0,0.0,195.6999969482422,195.6999969482422,195.6999969482422,195.6999969482422,31.0,0.0,195.6999969482422,195.6999969482422,195.6999969482422,195.6999969482422,31.0,0.0
2025-07-31 11:57:00+05:30,195.99000549316406,195.99000549316406,195.7100067138672,195.7100067138672,135.0,0.0,195.99000549316406,195.99000549316406,195.7100067138672,195.7100067138672,135.0,0.0,195.99000549316406,195.99000549316406,195.7100067138672,195.7100067138672,135.0,0.0
2025-07-31 12:00:00+05:30,195.7100067138672,195.9499969482422,195.7100067138672,195.9199981689453,328.0,0.0,195.7100067138672,195.9499969482422,195.7100067138672,195.9199981689453,328.0,0.0,195.7100067138672,195.9499969482422,195.7100067138672,195.9199981689453,328.0,0.0
2025-07-31 12:01:00+05:30,195.6999969482422,195.6999969482422,195.5,195.5,2550.0,0.0,195.6999969482422,195.6999969482422,195.5,195.5,2550.0,0.0,195.6999969482422,195.6999969482422,195.5,195.5,2550.0,0.0
2025-07-31 12:02:00+05:30,195.1300048828125,195.32000732421875,195.0500030517578,195.19000244140625,0.0,0.0,195.1300048828125,195.32000732421875,195.0500030517578,195.19000244140625,0.0,0.0,195.1300048828125,195.32000732421875,195.0500030517578,195.19000244140625,0.0,0.0
2025-07-31 12:03:00+05:30,195.0800018310547,195.0800018310547,195.0800018310547,195.0800018310547,110.0,0.0,195.0800018310547,195.0800018310547,195.0800018310547,195.0800018310547,110.0,0.0,195.0800018310547,195.0800018310547,195.0800018310547,195.0800018310547,110.0,0.0
2025-07-31 12:04:00+05:30,195.07000732421875,195.07000732421875,195.07000732421875,195.07000732421875,7.0,0.0,195.07000732421875,195.07000732421875,195.07000732421875,195.07000732421875,7.0,0.0,195.07000732421875,195.07000732421875,195.07000732421875,195.07000732421875,7.0,0.0
2025-07-31 12:05:00+05:30,195.3300018310547,195.3300018310547,195.3300018310547,195.3300018310547,10.0,0.0,195.3300018310547,195.3300018310547,195.3300018310547,195.3300018310547,10.0,0.0,195.3300018310547,195.3300018310547,195.3300018310547,195.3300018310547,10.0,0.0
2025-07-31 12:07:00+05:30,195.3300018310547,195.3300018310547,195.3300018310547,195.3300018310547,1432.0,0.0,195.3300018310547,195.3300018310547,195.3300018310547,195.3300018310547,1432.0,0.0,195.3300018310547,195.3300018310547,195.3300018310547,195.3300018310547,1432.0,0.0
2025-07-31 12:09:00+05:30,195.3300018310547,195.3300018310547,195.3300018310547,195.3300018310547,285.0,0.0,195.3300018310547,195.3300018310547,195.3300018310547,195.3300018310547,285.0,0.0,195.3300018310547,195.3300018310547,195.3300018310547,195.3300018310547,285.0,0.0
2025-07-31 12:10:00+05:30,195.3800048828125,195.3800048828125,195.3800048828125,195.3800048828125,108.0,0.0,195.3800048828125,195.3800048828125,195.3800048828125,195.3800048828125,108.0,0.0,195.3800048828125,195.3800048828125,195.3800048828125,195.3800048828125,108.0,0.0
2025-07-31 12:13:00+05:30,195.61000061035156,195.61000061035156,195.61000061035156,195.61000061035156,15.0,0.0,195.61000061035156,195.61000061035156,195.61000061035156,195.61000061035156,15.0,0.0,195.61000061035156,195.61000061035156,195.61000061035156,195.61000061035156,15.0,0.0
2025-07-31 12:14:00+05:30,195.60000610351562,195.60000610351562,195.60000610351562,195.60000610351562,63.0,0.0,195.60000610351562,195.60000610351562,195.60000610351562,195.60000610351562,63.0,0.0,195.60000610351562,195.60000610351562,195.60000610351562,195.60000610351562,63.0,0.0
2025-07-31 12:15:00+05:30,195.60000610351562,195.60000610351562,195.60000610351562,195.60000610351562,0.0,0.0,195.60000610351562,195.60000610351562,195.60000610351562,195.60000610351562,0.0,0.0,195.60000610351562,195.60000610351562,195.60000610351562,195.60000610351562,0.0,0.0
2025-07-31 12:16:00+05:30,195.60000610351562,195.60000610351562,195.3300018310547,195.3300018310547,127.0,-1.0,195.60000610351562,195.60000610351562,195.3300018310547,195.3300018310547,127.0,-1.0,195.60000610351562,195.60000610351562,195.3300018310547,195.3300018310547,127.0,-1.0
2025-07-31 12:18:00+05:30,195.60000610351562,196.0,195.60000610351562,196.0,2189.0,1.0,195.60000610351562,196.0,195.60000610351562,196.0,2189.0,1.0,195.60000610351562,196.0,195.60000610351562,196.0,2189.0,1.0
2025-07-31 12:19:00+05:30,196.0,196.0,196.0,196.0,572.0,0.0,196.0,196.0,196.0,196.0,572.0,0.0,196.0,196.0,196.0,196.0,572.0,0.0
2025-07-31 12:21:00+05:30,196.17999267578125,196.4199981689453,196.17999267578125,196.4199981689453,0.0,0.0,196.17999267578125,196.4199981689453,196.17999267578125,196.4199981689453,0.0,0.0,196.17999267578125,196.4199981689453,196.17999267578125,196.4199981689453,0.0,0.0
2025-07-31 12:22:00+05:30,196.05999755859375,196.13999938964844,196.05999755859375,196.13999938964844,714.0,0.0,196.05999755859375,196.13999938964844,196.05999755859375,196.13999938964844,714.0,0.0,196.05999755859375,196.13999938964844,196.05999755859375,196.13999938964844,714.0,0.0
2025-07-31 12:23:00+05:30,196.24000549316406,196.27000427246094,196.24000549316406,196.27000427246094,81.0,0.0,196.24000549316406,196.27000427246094,196.24000549316406,196.27000427246094,81.0,0.0,196.24000549316406,196.27000427246094,196.24000549316406,196.27000427246094,81.0,0.0
2025-07-31 12:24:00+05:30,196.24000549316406,196.24000549316406,196.02999877929688,196.02999877929688,767.0,0.0,196.24000549316406,196.24000549316406,196.02999877929688,196.02999877929688,767.0,0.0,196.24000549316406,196.24000549316406,196.02999877929688,196.02999877929688,767.0,0.0
2025-07-31 12:25:00+05:30,196.5,196.5,196.5,196.5,880.0,0.0,196.5,196.5,196.5,196.5,880.0,0.0,196.5,196.5,196.5,196.5,880.0,0.0
2025-07-31 12:27:00+05:30,196.35000610351562,196.35000610351562,196.17999267578125,196.17999267578125,243.0,0.0,196.35000610351562,196.35000610351562,196.17999267578125,196.17999267578125,243.0,0.0,196.35000610351562,196.35000610351562,196.17999267578125,196.17999267578125,243.0,0.0
2025-07-31 12:28:00+05:30,196.2899932861328,196.2899932861328,196.2899932861328,196.2899932861328,2765.0,0.0,196.2899932861328,196.2899932861328,196.2899932861328,196.2899932861328,2765.0,0.0,196.2899932861328,196.2899932861328,196.2899932861328,196.2899932861328,2765.0,0.0
2025-07-31 12:31:00+05:30,196.08999633789062,196.08999633789062,196.08999633789062,196.08999633789062,36.0,0.0,196.08999633789062,196.08999633789062,196.08999633789062,196.08999633789062,36.0,0.0,196.08999633789062,196.08999633789062,196.08999633789062,196.08999633789062,36.0,0.0
2025-07-31 12:33:00+05:30,196.07000732421875,196.33999633789062,196.07000732421875,196.33999633789062,78.0,0.0,196.07000732421875,196.33999633789062,196.07000732421875,196.33999633789062,78.0,0.0,196.07000732421875,196.33999633789062,196.07000732421875,196.33999633789062,78.0,0.0
2025-07-31 12:34:00+05:30,196.3300018310547,196.3300018310547,196.3300018310547,196.3300018310547,3.0,0.0,196.3300018310547,196.3300018310547,196.3300018310547,196.3300018310547,3.0,0.0,196.3300018310547,196.3300018310547,196.3300018310547,196.3300018310547,3.0,0.0
2025-07-31 12:35:00+05:30,196.1199951171875,196.1199951171875,196.1199951171875,196.1199951171875,107.0,0.0,196.1199951171875,196.1199951171875,196.1199951171875,196.1199951171875,107.0,0.0,196.1199951171875,196.1199951171875,196.1199951171875,196.1199951171875,107.0,0.0
2025-07-31 12:36:00+05:30,196.3300018310547,196.3300018310547,196.3300018310547,196.3300018310547,78.0,0.0,196.3300018310547,196.3300018310547,196.3300018310547,196.3300018310547,78.0,0.0,196.3300018310547,196.3300018310547,196.3300018310547,196.3300018310547,78.0,0.0
2025-07-31 12:38:00+05:30,196.5,196.57000732421875,196.5,196.57000732421875,742.0,0.0,196.5,196.57000732421875,196.5,196.57000732421875,742.0,0.0,196.5,196.57000732421875,196.5,196.57000732421875,742.0,0.0
2025-07-31 12:39:00+05:30,196.5500030517578,196.5500030517578,196.5500030517578,196.5500030517578,10.0,0.0,196.5500030517578,196.5500030517578,196.5500030517578,196.5500030517578,10.0,0.0,196.5500030517578,196.5500030517578,196.5500030517578,196.5500030517578,10.0,0.0
2025-07-31 12:41:00+05:30,196.3800048828125,196.3800048828125,196.3800048828125,196.3800048828125,0.0,0.0,196.3800048828125,196.3800048828125,196.3800048828125,196.3800048828125,0.0,0.0,196.3800048828125,196.3800048828125,196.3800048828125,196.3800048828125,0.0,0.0
2025-07-31 12:42:00+05:30,196.36000061035156,196.36000061035156,196.33999633789062,196.33999633789062,63.0,0.0,196.36000061035156,196.36000061035156,196.33999633789062,196.33999633789062,63.0,0.0,196.36000061035156,196.36000061035156,196.33999633789062,196.33999633789062,63.0,0.0
2025-07-31 12:44:00+05:30,196.33999633789062,196.33999633789062,196.33999633789062,196.33999633789062,57.0,0.0,196.33999633789062,196.33999633789062,196.33999633789062,196.33999633789062,57.0,0.0,196.33999633789062,196.33999633789062,196.33999633789062,196.33999633789062,57.0,0.0
2025-07-31 12:46:00+05:30,196.08999633789062,196.08999633789062,196.08999633789062,196.08999633789062,106.0,-1.0,196.08999633789062,196.08999633789062,196.08999633789062,196.08999633789062,106.0,-1.0,196.08999633789062,196.08999633789062,196.08999633789062,196.08999633789062,106.0,0.0
2025-07-31 12:47:00+05:30,196.11000061035156,196.11000061035156,196.11000061035156,196.11000061035156,74.0,0.0,196.11000061035156,196.11000061035156,196.11000061035156,196.11000061035156,74.0,0.0,196.11000061035156,196.11000061035156,196.11000061035156,196.11000061035156,74.0,0.0
2025-07-31 12:48:00+05:30,196.11000061035156,196.1300048828125,196.10000610351562,196.1300048828125,138.0,0.0,196.11000061035156,196.1300048828125,196.10000610351562,196.1300048828125,138.0,0.0,196.11000061035156,196.1300048828125,196.10000610351562,196.1300048828125,138.0,0.0
2025-07-31 12:49:00+05:30,196.1199951171875,196.1199951171875,196.1199951171875,196.1199951171875,42.0,0.0,196.1199951171875,196.1199951171875,196.1199951171875,196.1199951171875,42.0,0.0,196.1199951171875,196.1199951171875,196.1199951171875,196.1199951171875,42.0,0.0
2025-07-31 12:50:00+05:30,196.11000061035156,196.11000061035156,196.0500030517578,196.0500030517578,629.0,0.0,196.11000061035156,196.11000061035156,196.0500030517578,196.0500030517578,629.0,0.0,196.11000061035156,196.11000061035156,196.0500030517578,196.0500030517578,629.0,0.0
2025-07-31 12:51:00+05:30,196.0500030517578,196.1199951171875,196.0500030517578,196.1199951171875,489.0,0.0,196.0500030517578,196.1199951171875,196.0500030517578,196.1199951171875,489.0,0.0,196.0500030517578,196.1199951171875,196.0500030517578,196.1199951171875,489.0,0.0
2025-07-31 12:52:00+05:30,196.4199981689453,196.4199981689453,196.4199981689453,196.4199981689453,0.0,0.0,196.4199981689453,196.4199981689453,196.4199981689453,196.4199981689453,0.0,0.0,196.4199981689453,196.4199981689453,196.4199981689453,196.4199981689453,0.0,0.0
